﻿{
  "Shooting Cans": {
    "pageId": 0,
    "revisionId": 0,
    "timestamp": "2025-12-04T06:29:33.4225555Z",
    "cachedAt": "2025-12-04T06:29:33.4225875Z"
  },
  "Debut": {
    "pageId": 0,
    "revisionId": 0,
    "timestamp": "2025-12-04T06:29:33.4241413Z",
    "cachedAt": "2025-12-04T06:29:33.4241416Z"
  },
  "Luxurious Life": {
    "pageId": 0,
    "revisionId": 0,
    "timestamp": "2025-12-04T06:29:33.4257439Z",
    "cachedAt": "2025-12-04T06:29:33.4257442Z"
  },
  "Properties All Around": {
    "pageId": 0,
    "revisionId": 0,
    "timestamp": "2025-12-04T06:29:33.4264992Z",
    "cachedAt": "2025-12-04T06:29:33.4264994Z"
  },
  "Search Mission": {
    "pageId": 0,
    "revisionId": 0,
    "timestamp": "2025-12-04T06:29:33.4271494Z",
    "cachedAt": "2025-12-04T06:29:33.4271495Z"
  },
  "Background Check": {
    "pageId": 0,
    "revisionId": 0,
    "timestamp": "2025-12-04T06:29:33.4278501Z",
    "cachedAt": "2025-12-04T06:29:33.4278503Z"
  },
  "Shootout Picnic": {
    "pageId": 0,
    "revisionId": 0,
    "timestamp": "2025-12-04T06:29:33.4285833Z",
    "cachedAt": "2025-12-04T06:29:33.4285834Z"
  },
  "Delivery From the Past": {
    "pageId": 0,
    "revisionId": 0,
    "timestamp": "2025-12-04T06:29:33.429279Z",
    "cachedAt": "2025-12-04T06:29:33.4292791Z"
  },
  "BP Depot": {
    "pageId": 0,
    "revisionId": 0,
    "timestamp": "2025-12-04T06:29:33.4299835Z",
    "cachedAt": "2025-12-04T06:29:33.4299836Z"
  },
  "The Bunker - Part 1": {
    "pageId": 0,
    "revisionId": 0,
    "timestamp": "2025-12-04T06:29:33.4305757Z",
    "cachedAt": "2025-12-04T06:29:33.4305757Z"
  },
  "The Bunker - Part 2": {
    "pageId": 0,
    "revisionId": 0,
    "timestamp": "2025-12-04T06:29:33.4313734Z",
    "cachedAt": "2025-12-04T06:29:33.4313736Z"
  },
  "Bad Rep Evidence": {
    "pageId": 0,
    "revisionId": 0,
    "timestamp": "2025-12-04T06:29:33.4319717Z",
    "cachedAt": "2025-12-04T06:29:33.4319718Z"
  },
  "Ice Cream Cones": {
    "pageId": 0,
    "revisionId": 0,
    "timestamp": "2025-12-04T06:29:33.4326211Z",
    "cachedAt": "2025-12-04T06:29:33.4326211Z"
  },
  "No Place for Renegades": {
    "pageId": 0,
    "revisionId": 0,
    "timestamp": "2025-12-04T06:29:33.4333578Z",
    "cachedAt": "2025-12-04T06:29:33.4333579Z"
  },
  "Documents": {
    "pageId": 0,
    "revisionId": 0,
    "timestamp": "2025-12-04T06:29:33.4341602Z",
    "cachedAt": "2025-12-04T06:29:33.4341602Z"
  },
  "Postman Pat - Part 1": {
    "pageId": 0,
    "revisionId": 0,
    "timestamp": "2025-12-04T06:29:33.4347552Z",
    "cachedAt": "2025-12-04T06:29:33.4347553Z"
  },
  "Shaking Up the Teller": {
    "pageId": 0,
    "revisionId": 0,
    "timestamp": "2025-12-04T06:29:33.4356847Z",
    "cachedAt": "2025-12-04T06:29:33.4356848Z"
  },
  "The Punisher - Part 1": {
    "pageId": 0,
    "revisionId": 0,
    "timestamp": "2025-12-04T06:29:33.436481Z",
    "cachedAt": "2025-12-04T06:29:33.4364811Z"
  },
  "The Punisher - Part 2": {
    "pageId": 0,
    "revisionId": 0,
    "timestamp": "2025-12-04T06:29:33.4371675Z",
    "cachedAt": "2025-12-04T06:29:33.4371675Z"
  },
  "The Punisher - Part 3": {
    "pageId": 0,
    "revisionId": 0,
    "timestamp": "2025-12-04T06:29:33.4379029Z",
    "cachedAt": "2025-12-04T06:29:33.437903Z"
  },
  "The Punisher - Part 4": {
    "pageId": 0,
    "revisionId": 0,
    "timestamp": "2025-12-04T06:29:33.438663Z",
    "cachedAt": "2025-12-04T06:29:33.4386631Z"
  },
  "The Punisher - Part 5": {
    "pageId": 0,
    "revisionId": 0,
    "timestamp": "2025-12-04T06:29:33.4394516Z",
    "cachedAt": "2025-12-04T06:29:33.4394517Z"
  },
  "The Punisher - Part 6": {
    "pageId": 0,
    "revisionId": 0,
    "timestamp": "2025-12-04T06:29:33.4401041Z",
    "cachedAt": "2025-12-04T06:29:33.4401042Z"
  },
  "Anesthesia": {
    "pageId": 0,
    "revisionId": 0,
    "timestamp": "2025-12-04T06:29:33.440941Z",
    "cachedAt": "2025-12-04T06:29:33.4409411Z"
  },
  "Grenadier": {
    "pageId": 0,
    "revisionId": 0,
    "timestamp": "2025-12-04T06:29:33.4418601Z",
    "cachedAt": "2025-12-04T06:29:33.4418603Z"
  },
  "The Art of Explosion": {
    "pageId": 0,
    "revisionId": 0,
    "timestamp": "2025-12-04T06:29:33.4429597Z",
    "cachedAt": "2025-12-04T06:29:33.4429598Z"
  },
  "Test Drive - Part 1": {
    "pageId": 0,
    "revisionId": 0,
    "timestamp": "2025-12-04T06:29:33.4439014Z",
    "cachedAt": "2025-12-04T06:29:33.4439014Z"
  },
  "Test Drive - Part 2": {
    "pageId": 0,
    "revisionId": 0,
    "timestamp": "2025-12-04T06:29:33.4457297Z",
    "cachedAt": "2025-12-04T06:29:33.44573Z"
  },
  "Test Drive - Part 3": {
    "pageId": 0,
    "revisionId": 0,
    "timestamp": "2025-12-04T06:29:33.4464378Z",
    "cachedAt": "2025-12-04T06:29:33.446438Z"
  },
  "Test Drive - Part 4": {
    "pageId": 0,
    "revisionId": 0,
    "timestamp": "2025-12-04T06:29:33.4475662Z",
    "cachedAt": "2025-12-04T06:29:33.4475663Z"
  },
  "Test Drive - Part 5": {
    "pageId": 0,
    "revisionId": 0,
    "timestamp": "2025-12-04T06:29:33.4488751Z",
    "cachedAt": "2025-12-04T06:29:33.4488752Z"
  },
  "Test Drive - Part 6": {
    "pageId": 0,
    "revisionId": 0,
    "timestamp": "2025-12-04T06:29:33.4500406Z",
    "cachedAt": "2025-12-04T06:29:33.4500407Z"
  },
  "Perfect Mediator": {
    "pageId": 0,
    "revisionId": 0,
    "timestamp": "2025-12-04T06:29:33.4510892Z",
    "cachedAt": "2025-12-04T06:29:33.4510893Z"
  },
  "Belka and Strelka": {
    "pageId": 0,
    "revisionId": 0,
    "timestamp": "2025-12-04T06:29:33.4521722Z",
    "cachedAt": "2025-12-04T06:29:33.4521723Z"
  },
  "No Questions Asked": {
    "pageId": 0,
    "revisionId": 0,
    "timestamp": "2025-12-04T06:29:33.4531782Z",
    "cachedAt": "2025-12-04T06:29:33.4531783Z"
  },
  "Polikhim Hobo": {
    "pageId": 0,
    "revisionId": 0,
    "timestamp": "2025-12-04T06:29:33.4542609Z",
    "cachedAt": "2025-12-04T06:29:33.454261Z"
  },
  "Regulated Materials": {
    "pageId": 0,
    "revisionId": 0,
    "timestamp": "2025-12-04T06:29:33.4552557Z",
    "cachedAt": "2025-12-04T06:29:33.4552558Z"
  },
  "Big Customer": {
    "pageId": 0,
    "revisionId": 0,
    "timestamp": "2025-12-04T06:29:33.4563745Z",
    "cachedAt": "2025-12-04T06:29:33.4563747Z"
  },
  "No Offence": {
    "pageId": 0,
    "revisionId": 0,
    "timestamp": "2025-12-04T06:29:33.4573054Z",
    "cachedAt": "2025-12-04T06:29:33.4573055Z"
  },
  "Capturing Outposts": {
    "pageId": 0,
    "revisionId": 0,
    "timestamp": "2025-12-04T06:29:33.4581648Z",
    "cachedAt": "2025-12-04T06:29:33.4581649Z"
  },
  "Intimidator": {
    "pageId": 0,
    "revisionId": 0,
    "timestamp": "2025-12-04T06:29:33.4593316Z",
    "cachedAt": "2025-12-04T06:29:33.4593317Z"
  },
  "Escort": {
    "pageId": 0,
    "revisionId": 0,
    "timestamp": "2025-12-04T06:29:33.4604206Z",
    "cachedAt": "2025-12-04T06:29:33.4604207Z"
  },
  "Easy Job - Part 1": {
    "pageId": 0,
    "revisionId": 0,
    "timestamp": "2025-12-04T06:29:33.4619443Z",
    "cachedAt": "2025-12-04T06:29:33.4619445Z"
  },
  "Easy Job - Part 2": {
    "pageId": 0,
    "revisionId": 0,
    "timestamp": "2025-12-04T06:29:33.4628748Z",
    "cachedAt": "2025-12-04T06:29:33.4628749Z"
  },
  "Our Own Land": {
    "pageId": 0,
    "revisionId": 0,
    "timestamp": "2025-12-04T06:29:33.4645733Z",
    "cachedAt": "2025-12-04T06:29:33.4645735Z"
  },
  "Reconnaissance": {
    "pageId": 0,
    "revisionId": 0,
    "timestamp": "2025-12-04T06:29:33.465688Z",
    "cachedAt": "2025-12-04T06:29:33.4656881Z"
  },
  "You've Got Mail": {
    "pageId": 0,
    "revisionId": 0,
    "timestamp": "2025-12-04T06:29:33.4666079Z",
    "cachedAt": "2025-12-04T06:29:33.466608Z"
  },
  "Glory to CPSU - Part 1": {
    "pageId": 0,
    "revisionId": 0,
    "timestamp": "2025-12-04T06:29:33.4677613Z",
    "cachedAt": "2025-12-04T06:29:33.4677614Z"
  },
  "Glory to CPSU - Part 2": {
    "pageId": 0,
    "revisionId": 0,
    "timestamp": "2025-12-04T06:29:33.4687872Z",
    "cachedAt": "2025-12-04T06:29:33.4687873Z"
  },
  "Best Job in the World": {
    "pageId": 0,
    "revisionId": 0,
    "timestamp": "2025-12-04T06:29:33.4698388Z",
    "cachedAt": "2025-12-04T06:29:33.4698389Z"
  },
  "Kings of the Rooftops": {
    "pageId": 0,
    "revisionId": 0,
    "timestamp": "2025-12-04T06:29:33.4708461Z",
    "cachedAt": "2025-12-04T06:29:33.4708463Z"
  },
  "Green Corridor": {
    "pageId": 0,
    "revisionId": 0,
    "timestamp": "2025-12-04T06:29:33.4718636Z",
    "cachedAt": "2025-12-04T06:29:33.4718637Z"
  },
  "Gendarmerie - Mall Cop": {
    "pageId": 0,
    "revisionId": 0,
    "timestamp": "2025-12-04T06:29:33.4735608Z",
    "cachedAt": "2025-12-04T06:29:33.4735609Z"
  },
  "Gendarmerie - Tickets, Please": {
    "pageId": 0,
    "revisionId": 0,
    "timestamp": "2025-12-04T06:29:33.4744944Z",
    "cachedAt": "2025-12-04T06:29:33.4744944Z"
  },
  "Gendarmerie - District Patrol": {
    "pageId": 0,
    "revisionId": 0,
    "timestamp": "2025-12-04T06:29:33.4769537Z",
    "cachedAt": "2025-12-04T06:29:33.476954Z"
  },
  "The Good Times - Part 1": {
    "pageId": 0,
    "revisionId": 0,
    "timestamp": "2025-12-04T06:29:33.4783629Z",
    "cachedAt": "2025-12-04T06:29:33.4783632Z"
  },
  "The Good Times - Part 2": {
    "pageId": 0,
    "revisionId": 0,
    "timestamp": "2025-12-04T06:29:33.479666Z",
    "cachedAt": "2025-12-04T06:29:33.4796661Z"
  },
  "Viewer": {
    "pageId": 0,
    "revisionId": 0,
    "timestamp": "2025-12-04T06:29:33.4808223Z",
    "cachedAt": "2025-12-04T06:29:33.4808225Z"
  },
  "Hell on Earth - Part 1": {
    "pageId": 0,
    "revisionId": 0,
    "timestamp": "2025-12-04T06:29:33.482054Z",
    "cachedAt": "2025-12-04T06:29:33.4820542Z"
  },
  "Hell on Earth - Part 2": {
    "pageId": 0,
    "revisionId": 0,
    "timestamp": "2025-12-04T06:29:33.4836068Z",
    "cachedAt": "2025-12-04T06:29:33.4836069Z"
  },
  "Possessor": {
    "pageId": 0,
    "revisionId": 0,
    "timestamp": "2025-12-04T06:29:33.484717Z",
    "cachedAt": "2025-12-04T06:29:33.4847171Z"
  },
  "Special Comms": {
    "pageId": 0,
    "revisionId": 0,
    "timestamp": "2025-12-04T06:29:33.4856575Z",
    "cachedAt": "2025-12-04T06:29:33.4856576Z"
  },
  "Shipping Delay - Part 1": {
    "pageId": 0,
    "revisionId": 0,
    "timestamp": "2025-12-04T06:29:33.4865083Z",
    "cachedAt": "2025-12-04T06:29:33.4865084Z"
  },
  "Forge a Friendship": {
    "pageId": 0,
    "revisionId": 0,
    "timestamp": "2025-12-04T06:29:33.4877198Z",
    "cachedAt": "2025-12-04T06:29:33.48772Z"
  },
  "Half Empty": {
    "pageId": 0,
    "revisionId": 0,
    "timestamp": "2025-12-04T06:29:33.489145Z",
    "cachedAt": "2025-12-04T06:29:33.4891453Z"
  },
  "Stick in the Wheel": {
    "pageId": 0,
    "revisionId": 0,
    "timestamp": "2025-12-04T06:29:33.4902362Z",
    "cachedAt": "2025-12-04T06:29:33.4902365Z"
  },
  "First in Line": {
    "pageId": 0,
    "revisionId": 0,
    "timestamp": "2025-12-04T06:29:33.4914235Z",
    "cachedAt": "2025-12-04T06:29:33.4914238Z"
  },
  "Shortage": {
    "pageId": 0,
    "revisionId": 0,
    "timestamp": "2025-12-04T06:29:33.4925006Z",
    "cachedAt": "2025-12-04T06:29:33.4925008Z"
  },
  "Operation Aquarius - Part 1": {
    "pageId": 0,
    "revisionId": 0,
    "timestamp": "2025-12-04T06:29:33.4936021Z",
    "cachedAt": "2025-12-04T06:29:33.4936022Z"
  },
  "Operation Aquarius - Part 2": {
    "pageId": 0,
    "revisionId": 0,
    "timestamp": "2025-12-04T06:29:33.4954736Z",
    "cachedAt": "2025-12-04T06:29:33.4954742Z"
  },
  "Sanitary Standards - Part 1": {
    "pageId": 0,
    "revisionId": 0,
    "timestamp": "2025-12-04T06:29:33.4972413Z",
    "cachedAt": "2025-12-04T06:29:33.4972418Z"
  },
  "Sanitary Standards - Part 2": {
    "pageId": 0,
    "revisionId": 0,
    "timestamp": "2025-12-04T06:29:33.4985158Z",
    "cachedAt": "2025-12-04T06:29:33.4985161Z"
  },
  "Painkiller": {
    "pageId": 0,
    "revisionId": 0,
    "timestamp": "2025-12-04T06:29:33.5000468Z",
    "cachedAt": "2025-12-04T06:29:33.500047Z"
  },
  "Pharmacist": {
    "pageId": 0,
    "revisionId": 0,
    "timestamp": "2025-12-04T06:29:33.5015451Z",
    "cachedAt": "2025-12-04T06:29:33.5015452Z"
  },
  "Car Repair": {
    "pageId": 0,
    "revisionId": 0,
    "timestamp": "2025-12-04T06:29:33.5029096Z",
    "cachedAt": "2025-12-04T06:29:33.5029098Z"
  },
  "Disease History": {
    "pageId": 0,
    "revisionId": 0,
    "timestamp": "2025-12-04T06:29:33.5041166Z",
    "cachedAt": "2025-12-04T06:29:33.5041167Z"
  },
  "Supply Plans": {
    "pageId": 0,
    "revisionId": 0,
    "timestamp": "2025-12-04T06:29:33.5049881Z",
    "cachedAt": "2025-12-04T06:29:33.5049882Z"
  },
  "Health Care Privacy - Part 1": {
    "pageId": 0,
    "revisionId": 0,
    "timestamp": "2025-12-04T06:29:33.5059658Z",
    "cachedAt": "2025-12-04T06:29:33.5059659Z"
  },
  "Health Care Privacy - Part 2": {
    "pageId": 0,
    "revisionId": 0,
    "timestamp": "2025-12-04T06:29:33.507549Z",
    "cachedAt": "2025-12-04T06:29:33.5075491Z"
  },
  "Health Care Privacy - Part 3": {
    "pageId": 0,
    "revisionId": 0,
    "timestamp": "2025-12-04T06:29:33.5091615Z",
    "cachedAt": "2025-12-04T06:29:33.5091617Z"
  },
  "An Apple a Day Keeps the Doctor Away": {
    "pageId": 0,
    "revisionId": 0,
    "timestamp": "2025-12-04T06:29:33.5104124Z",
    "cachedAt": "2025-12-04T06:29:33.5104126Z"
  },
  "Health Care Privacy - Part 4": {
    "pageId": 0,
    "revisionId": 0,
    "timestamp": "2025-12-04T06:29:33.5124437Z",
    "cachedAt": "2025-12-04T06:29:33.5124439Z"
  },
  "Health Care Privacy - Part 5": {
    "pageId": 0,
    "revisionId": 0,
    "timestamp": "2025-12-04T06:29:33.5138856Z",
    "cachedAt": "2025-12-04T06:29:33.5138859Z"
  },
  "Health Care Privacy - Part 6": {
    "pageId": 0,
    "revisionId": 0,
    "timestamp": "2025-12-04T06:29:33.5156123Z",
    "cachedAt": "2025-12-04T06:29:33.5156126Z"
  },
  "Athlete": {
    "pageId": 0,
    "revisionId": 0,
    "timestamp": "2025-12-04T06:29:33.5169443Z",
    "cachedAt": "2025-12-04T06:29:33.5169444Z"
  },
  "Private Clinic": {
    "pageId": 0,
    "revisionId": 0,
    "timestamp": "2025-12-04T06:29:33.5183853Z",
    "cachedAt": "2025-12-04T06:29:33.5183854Z"
  },
  "Decontamination Service": {
    "pageId": 0,
    "revisionId": 0,
    "timestamp": "2025-12-04T06:29:33.5195142Z",
    "cachedAt": "2025-12-04T06:29:33.5195143Z"
  },
  "General Wares": {
    "pageId": 0,
    "revisionId": 0,
    "timestamp": "2025-12-04T06:29:33.5200806Z",
    "cachedAt": "2025-12-04T06:29:33.5200807Z"
  },
  "Colleagues - Part 1": {
    "pageId": 0,
    "revisionId": 0,
    "timestamp": "2025-12-04T06:29:33.5210786Z",
    "cachedAt": "2025-12-04T06:29:33.5210788Z"
  },
  "Colleagues - Part 2": {
    "pageId": 0,
    "revisionId": 0,
    "timestamp": "2025-12-04T06:29:33.5228451Z",
    "cachedAt": "2025-12-04T06:29:33.5228453Z"
  },
  "Colleagues - Part 3": {
    "pageId": 0,
    "revisionId": 0,
    "timestamp": "2025-12-04T06:29:33.5245259Z",
    "cachedAt": "2025-12-04T06:29:33.5245265Z"
  },
  "Postman Pat - Part 2": {
    "pageId": 0,
    "revisionId": 0,
    "timestamp": "2025-12-04T06:29:33.5256705Z",
    "cachedAt": "2025-12-04T06:29:33.5256707Z"
  },
  "Out of Curiosity": {
    "pageId": 0,
    "revisionId": 0,
    "timestamp": "2025-12-04T06:29:33.5267212Z",
    "cachedAt": "2025-12-04T06:29:33.5267214Z"
  },
  "Trust Regain": {
    "pageId": 0,
    "revisionId": 0,
    "timestamp": "2025-12-04T06:29:33.5278046Z",
    "cachedAt": "2025-12-04T06:29:33.527805Z"
  },
  "Crisis": {
    "pageId": 0,
    "revisionId": 0,
    "timestamp": "2025-12-04T06:29:33.5289044Z",
    "cachedAt": "2025-12-04T06:29:33.5289048Z"
  },
  "Seaside Vacation": {
    "pageId": 0,
    "revisionId": 0,
    "timestamp": "2025-12-04T06:29:33.5300188Z",
    "cachedAt": "2025-12-04T06:29:33.530019Z"
  },
  "Lost Contact": {
    "pageId": 0,
    "revisionId": 0,
    "timestamp": "2025-12-04T06:29:33.531291Z",
    "cachedAt": "2025-12-04T06:29:33.5312912Z"
  },
  "Population Census": {
    "pageId": 0,
    "revisionId": 0,
    "timestamp": "2025-12-04T06:29:33.5323265Z",
    "cachedAt": "2025-12-04T06:29:33.5323266Z"
  },
  "Dangerous Road": {
    "pageId": 0,
    "revisionId": 0,
    "timestamp": "2025-12-04T06:29:33.5335278Z",
    "cachedAt": "2025-12-04T06:29:33.5335279Z"
  },
  "Urban Medicine": {
    "pageId": 0,
    "revisionId": 0,
    "timestamp": "2025-12-04T06:29:33.5348366Z",
    "cachedAt": "2025-12-04T06:29:33.5348367Z"
  },
  "Drug Trafficking": {
    "pageId": 0,
    "revisionId": 0,
    "timestamp": "2025-12-04T06:29:33.5364045Z",
    "cachedAt": "2025-12-04T06:29:33.5364051Z"
  },
  "Pets Won't Need It - Part 1": {
    "pageId": 0,
    "revisionId": 0,
    "timestamp": "2025-12-04T06:29:33.5375012Z",
    "cachedAt": "2025-12-04T06:29:33.5375016Z"
  },
  "Pets Won't Need It - Part 2": {
    "pageId": 0,
    "revisionId": 0,
    "timestamp": "2025-12-04T06:29:33.539294Z",
    "cachedAt": "2025-12-04T06:29:33.5392943Z"
  },
  "Ambulances Again": {
    "pageId": 0,
    "revisionId": 0,
    "timestamp": "2025-12-04T06:29:33.5405982Z",
    "cachedAt": "2025-12-04T06:29:33.5405985Z"
  },
  "Shipment Tracking": {
    "pageId": 0,
    "revisionId": 0,
    "timestamp": "2025-12-04T06:29:33.5418357Z",
    "cachedAt": "2025-12-04T06:29:33.5418359Z"
  },
  "Closer to the People": {
    "pageId": 0,
    "revisionId": 0,
    "timestamp": "2025-12-04T06:29:33.543138Z",
    "cachedAt": "2025-12-04T06:29:33.5431382Z"
  },
  "Abandoned Cargo": {
    "pageId": 0,
    "revisionId": 0,
    "timestamp": "2025-12-04T06:29:33.5442271Z",
    "cachedAt": "2025-12-04T06:29:33.5442273Z"
  },
  "All Is Revealed": {
    "pageId": 0,
    "revisionId": 0,
    "timestamp": "2025-12-04T06:29:33.545658Z",
    "cachedAt": "2025-12-04T06:29:33.5456582Z"
  },
  "A Healthy Alternative": {
    "pageId": 0,
    "revisionId": 0,
    "timestamp": "2025-12-04T06:29:33.5470205Z",
    "cachedAt": "2025-12-04T06:29:33.5470208Z"
  },
  "Quality Standard": {
    "pageId": 0,
    "revisionId": 0,
    "timestamp": "2025-12-04T06:29:33.548075Z",
    "cachedAt": "2025-12-04T06:29:33.5480751Z"
  },
  "Thirsty - Echo": {
    "pageId": 0,
    "revisionId": 0,
    "timestamp": "2025-12-04T06:29:33.5491701Z",
    "cachedAt": "2025-12-04T06:29:33.5491702Z"
  },
  "Thirsty - Secrets": {
    "pageId": 0,
    "revisionId": 0,
    "timestamp": "2025-12-04T06:29:33.5502903Z",
    "cachedAt": "2025-12-04T06:29:33.5502905Z"
  },
  "Beneath The Streets": {
    "pageId": 0,
    "revisionId": 0,
    "timestamp": "2025-12-04T06:29:33.5513656Z",
    "cachedAt": "2025-12-04T06:29:33.5513658Z"
  },
  "This Tape Sucks": {
    "pageId": 0,
    "revisionId": 0,
    "timestamp": "2025-12-04T06:29:33.5523456Z",
    "cachedAt": "2025-12-04T06:29:33.5523457Z"
  },
  "Establish Contact": {
    "pageId": 0,
    "revisionId": 0,
    "timestamp": "2025-12-04T06:29:33.5533066Z",
    "cachedAt": "2025-12-04T06:29:33.5533067Z"
  },
  "Friend Among Strangers": {
    "pageId": 0,
    "revisionId": 0,
    "timestamp": "2025-12-04T06:29:33.5542064Z",
    "cachedAt": "2025-12-04T06:29:33.5542065Z"
  },
  "Immunity": {
    "pageId": 0,
    "revisionId": 0,
    "timestamp": "2025-12-04T06:29:33.5551535Z",
    "cachedAt": "2025-12-04T06:29:33.5551537Z"
  },
  "Small Business - Part 1": {
    "pageId": 0,
    "revisionId": 0,
    "timestamp": "2025-12-04T06:29:33.5561268Z",
    "cachedAt": "2025-12-04T06:29:33.5561269Z"
  },
  "Small Business - Part 2": {
    "pageId": 0,
    "revisionId": 0,
    "timestamp": "2025-12-04T06:29:33.5573891Z",
    "cachedAt": "2025-12-04T06:29:33.5573893Z"
  },
  "Small Business - Part 3": {
    "pageId": 0,
    "revisionId": 0,
    "timestamp": "2025-12-04T06:29:33.5588118Z",
    "cachedAt": "2025-12-04T06:29:33.558812Z"
  },
  "Between Two Fires": {
    "pageId": 0,
    "revisionId": 0,
    "timestamp": "2025-12-04T06:29:33.5598909Z",
    "cachedAt": "2025-12-04T06:29:33.5598911Z"
  },
  "The Choice": {
    "pageId": 0,
    "revisionId": 0,
    "timestamp": "2025-12-04T06:29:33.5614156Z",
    "cachedAt": "2025-12-04T06:29:33.5614158Z"
  },
  "Is This a Reference?": {
    "pageId": 0,
    "revisionId": 0,
    "timestamp": "2025-12-04T06:29:33.5626611Z",
    "cachedAt": "2025-12-04T06:29:33.5626613Z"
  },
  "Collector": {
    "pageId": 0,
    "revisionId": 0,
    "timestamp": "2025-12-04T06:29:33.5641912Z",
    "cachedAt": "2025-12-04T06:29:33.5641915Z"
  },
  "Compensation for Damage - Trust": {
    "pageId": 0,
    "revisionId": 0,
    "timestamp": "2025-12-04T06:29:33.5654903Z",
    "cachedAt": "2025-12-04T06:29:33.5654905Z"
  },
  "Compensation for Damage - Wager": {
    "pageId": 0,
    "revisionId": 0,
    "timestamp": "2025-12-04T06:29:33.5674304Z",
    "cachedAt": "2025-12-04T06:29:33.5674307Z"
  },
  "Compensation for Damage - Barkeep": {
    "pageId": 0,
    "revisionId": 0,
    "timestamp": "2025-12-04T06:29:33.5689629Z",
    "cachedAt": "2025-12-04T06:29:33.5689632Z"
  },
  "Compensation for Damage - Collection": {
    "pageId": 0,
    "revisionId": 0,
    "timestamp": "2025-12-04T06:29:33.5707517Z",
    "cachedAt": "2025-12-04T06:29:33.5707519Z"
  },
  "Compensation for Damage - Wergild": {
    "pageId": 0,
    "revisionId": 0,
    "timestamp": "2025-12-04T06:29:33.5760436Z",
    "cachedAt": "2025-12-04T06:29:33.5760439Z"
  },
  "Burning Rubber": {
    "pageId": 0,
    "revisionId": 0,
    "timestamp": "2025-12-04T06:29:33.5787335Z",
    "cachedAt": "2025-12-04T06:29:33.578734Z"
  },
  "Supplier": {
    "pageId": 0,
    "revisionId": 0,
    "timestamp": "2025-12-04T06:29:33.5807464Z",
    "cachedAt": "2025-12-04T06:29:33.5807468Z"
  },
  "The Extortionist": {
    "pageId": 0,
    "revisionId": 0,
    "timestamp": "2025-12-04T06:29:33.5819633Z",
    "cachedAt": "2025-12-04T06:29:33.5819636Z"
  },
  "Stirrup": {
    "pageId": 0,
    "revisionId": 0,
    "timestamp": "2025-12-04T06:29:33.5832796Z",
    "cachedAt": "2025-12-04T06:29:33.5832797Z"
  },
  "What’s on the Flash Drive?": {
    "pageId": 0,
    "revisionId": 0,
    "timestamp": "2025-12-04T06:29:33.584416Z",
    "cachedAt": "2025-12-04T06:29:33.5844163Z"
  },
  "Golden Swag": {
    "pageId": 0,
    "revisionId": 0,
    "timestamp": "2025-12-04T06:29:33.5861478Z",
    "cachedAt": "2025-12-04T06:29:33.5861482Z"
  },
  "Chemical - Part 1": {
    "pageId": 0,
    "revisionId": 0,
    "timestamp": "2025-12-04T06:29:33.5882735Z",
    "cachedAt": "2025-12-04T06:29:33.5882737Z"
  },
  "Chemical - Part 2": {
    "pageId": 0,
    "revisionId": 0,
    "timestamp": "2025-12-04T06:29:33.5894792Z",
    "cachedAt": "2025-12-04T06:29:33.5894795Z"
  },
  "Chemical - Part 3": {
    "pageId": 0,
    "revisionId": 0,
    "timestamp": "2025-12-04T06:29:33.5907494Z",
    "cachedAt": "2025-12-04T06:29:33.5907496Z"
  },
  "Chemical - Part 4": {
    "pageId": 0,
    "revisionId": 0,
    "timestamp": "2025-12-04T06:29:33.5920102Z",
    "cachedAt": "2025-12-04T06:29:33.5920104Z"
  },
  "Loyalty Buyout": {
    "pageId": 0,
    "revisionId": 0,
    "timestamp": "2025-12-04T06:29:33.5931678Z",
    "cachedAt": "2025-12-04T06:29:33.5931679Z"
  },
  "Vitamins - Part 1": {
    "pageId": 0,
    "revisionId": 0,
    "timestamp": "2025-12-04T06:29:33.5941174Z",
    "cachedAt": "2025-12-04T06:29:33.5941176Z"
  },
  "Vitamins - Part 2": {
    "pageId": 0,
    "revisionId": 0,
    "timestamp": "2025-12-04T06:29:33.5952279Z",
    "cachedAt": "2025-12-04T06:29:33.5952281Z"
  },
  "Friend From the West - Part 1": {
    "pageId": 0,
    "revisionId": 0,
    "timestamp": "2025-12-04T06:29:33.5963698Z",
    "cachedAt": "2025-12-04T06:29:33.59637Z"
  },
  "Friend From the West - Part 2": {
    "pageId": 0,
    "revisionId": 0,
    "timestamp": "2025-12-04T06:29:33.5981758Z",
    "cachedAt": "2025-12-04T06:29:33.5981761Z"
  },
  "Informed Means Armed": {
    "pageId": 0,
    "revisionId": 0,
    "timestamp": "2025-12-04T06:29:33.5997561Z",
    "cachedAt": "2025-12-04T06:29:33.5997563Z"
  },
  "Chumming": {
    "pageId": 0,
    "revisionId": 0,
    "timestamp": "2025-12-04T06:29:33.6012128Z",
    "cachedAt": "2025-12-04T06:29:33.601213Z"
  },
  "Silent Caliber": {
    "pageId": 0,
    "revisionId": 0,
    "timestamp": "2025-12-04T06:29:33.6022858Z",
    "cachedAt": "2025-12-04T06:29:33.602286Z"
  },
  "Bullshit": {
    "pageId": 0,
    "revisionId": 0,
    "timestamp": "2025-12-04T06:29:33.6033557Z",
    "cachedAt": "2025-12-04T06:29:33.603356Z"
  },
  "Setup": {
    "pageId": 0,
    "revisionId": 0,
    "timestamp": "2025-12-04T06:29:33.6042962Z",
    "cachedAt": "2025-12-04T06:29:33.6042964Z"
  },
  "Flint": {
    "pageId": 0,
    "revisionId": 0,
    "timestamp": "2025-12-04T06:29:33.6053624Z",
    "cachedAt": "2025-12-04T06:29:33.6053626Z"
  },
  "Lend-Lease - Part 1": {
    "pageId": 0,
    "revisionId": 0,
    "timestamp": "2025-12-04T06:29:33.6066885Z",
    "cachedAt": "2025-12-04T06:29:33.6066887Z"
  },
  "Kind of Sabotage": {
    "pageId": 0,
    "revisionId": 0,
    "timestamp": "2025-12-04T06:29:33.6082138Z",
    "cachedAt": "2025-12-04T06:29:33.608214Z"
  },
  "Rigged Game": {
    "pageId": 0,
    "revisionId": 0,
    "timestamp": "2025-12-04T06:29:33.609385Z",
    "cachedAt": "2025-12-04T06:29:33.6093853Z"
  },
  "Safe Corridor": {
    "pageId": 0,
    "revisionId": 0,
    "timestamp": "2025-12-04T06:29:33.6103544Z",
    "cachedAt": "2025-12-04T06:29:33.6103545Z"
  },
  "Night Sweep": {
    "pageId": 0,
    "revisionId": 0,
    "timestamp": "2025-12-04T06:29:33.6112133Z",
    "cachedAt": "2025-12-04T06:29:33.6112134Z"
  },
  "Private Club": {
    "pageId": 0,
    "revisionId": 0,
    "timestamp": "2025-12-04T06:29:33.6122194Z",
    "cachedAt": "2025-12-04T06:29:33.6122195Z"
  },
  "Long Road": {
    "pageId": 0,
    "revisionId": 0,
    "timestamp": "2025-12-04T06:29:33.6133238Z",
    "cachedAt": "2025-12-04T06:29:33.6133239Z"
  },
  "Missing Cargo": {
    "pageId": 0,
    "revisionId": 0,
    "timestamp": "2025-12-04T06:29:33.6142861Z",
    "cachedAt": "2025-12-04T06:29:33.6142862Z"
  },
  "Top Secret": {
    "pageId": 0,
    "revisionId": 0,
    "timestamp": "2025-12-04T06:29:33.6154474Z",
    "cachedAt": "2025-12-04T06:29:33.6154476Z"
  },
  "House Arrest - Part 1": {
    "pageId": 0,
    "revisionId": 0,
    "timestamp": "2025-12-04T06:29:33.6163614Z",
    "cachedAt": "2025-12-04T06:29:33.6163616Z"
  },
  "House Arrest - Part 2": {
    "pageId": 0,
    "revisionId": 0,
    "timestamp": "2025-12-04T06:29:33.6174117Z",
    "cachedAt": "2025-12-04T06:29:33.6174119Z"
  },
  "Debtor": {
    "pageId": 0,
    "revisionId": 0,
    "timestamp": "2025-12-04T06:29:33.6186817Z",
    "cachedAt": "2025-12-04T06:29:33.6186818Z"
  },
  "The Walls Have Eyes": {
    "pageId": 0,
    "revisionId": 0,
    "timestamp": "2025-12-04T06:29:33.619571Z",
    "cachedAt": "2025-12-04T06:29:33.6195713Z"
  },
  "Exit Here": {
    "pageId": 0,
    "revisionId": 0,
    "timestamp": "2025-12-04T06:29:33.6206402Z",
    "cachedAt": "2025-12-04T06:29:33.6206404Z"
  },
  "Beyond the Red Meat - Part 1": {
    "pageId": 0,
    "revisionId": 0,
    "timestamp": "2025-12-04T06:29:33.6217841Z",
    "cachedAt": "2025-12-04T06:29:33.6217842Z"
  },
  "Beyond the Red Meat - Part 2": {
    "pageId": 0,
    "revisionId": 0,
    "timestamp": "2025-12-04T06:29:33.6271492Z",
    "cachedAt": "2025-12-04T06:29:33.6271496Z"
  },
  "Pyramid Scheme": {
    "pageId": 0,
    "revisionId": 0,
    "timestamp": "2025-12-04T06:29:33.6289317Z",
    "cachedAt": "2025-12-04T06:29:33.6289322Z"
  },
  "No Swiping": {
    "pageId": 0,
    "revisionId": 0,
    "timestamp": "2025-12-04T06:29:33.6303484Z",
    "cachedAt": "2025-12-04T06:29:33.6303488Z"
  },
  "Irresistible": {
    "pageId": 0,
    "revisionId": 0,
    "timestamp": "2025-12-04T06:29:33.6315058Z",
    "cachedAt": "2025-12-04T06:29:33.6315062Z"
  },
  "Dangerous Props": {
    "pageId": 0,
    "revisionId": 0,
    "timestamp": "2025-12-04T06:29:33.6323894Z",
    "cachedAt": "2025-12-04T06:29:33.6323896Z"
  },
  "Connections Up North": {
    "pageId": 0,
    "revisionId": 0,
    "timestamp": "2025-12-04T06:29:33.6333409Z",
    "cachedAt": "2025-12-04T06:29:33.6333411Z"
  },
  "The Higher They Fly": {
    "pageId": 0,
    "revisionId": 0,
    "timestamp": "2025-12-04T06:29:33.6345633Z",
    "cachedAt": "2025-12-04T06:29:33.6345634Z"
  },
  "Easy Money - Part 1": {
    "pageId": 0,
    "revisionId": 0,
    "timestamp": "2025-12-04T06:29:33.6356103Z",
    "cachedAt": "2025-12-04T06:29:33.6356105Z"
  },
  "Minute of Fame": {
    "pageId": 0,
    "revisionId": 0,
    "timestamp": "2025-12-04T06:29:33.6369501Z",
    "cachedAt": "2025-12-04T06:29:33.6369503Z"
  },
  "Serious Allegations": {
    "pageId": 0,
    "revisionId": 0,
    "timestamp": "2025-12-04T06:29:33.6380536Z",
    "cachedAt": "2025-12-04T06:29:33.6380538Z"
  },
  "Proper Comeback": {
    "pageId": 0,
    "revisionId": 0,
    "timestamp": "2025-12-04T06:29:33.6394267Z",
    "cachedAt": "2025-12-04T06:29:33.6394269Z"
  },
  "Thirsty - Breadwinner": {
    "pageId": 0,
    "revisionId": 0,
    "timestamp": "2025-12-04T06:29:33.6405714Z",
    "cachedAt": "2025-12-04T06:29:33.6405716Z"
  },
  "Thirsty - Delivery": {
    "pageId": 0,
    "revisionId": 0,
    "timestamp": "2025-12-04T06:29:33.6418206Z",
    "cachedAt": "2025-12-04T06:29:33.641821Z"
  },
  "Route Deviation": {
    "pageId": 0,
    "revisionId": 0,
    "timestamp": "2025-12-04T06:29:33.6436326Z",
    "cachedAt": "2025-12-04T06:29:33.6436328Z"
  },
  "Hindsight 20/20": {
    "pageId": 0,
    "revisionId": 0,
    "timestamp": "2025-12-04T06:29:33.6447478Z",
    "cachedAt": "2025-12-04T06:29:33.644748Z"
  },
  "Key Partner": {
    "pageId": 0,
    "revisionId": 0,
    "timestamp": "2025-12-04T06:29:33.6459346Z",
    "cachedAt": "2025-12-04T06:29:33.6459348Z"
  },
  "Killer Argument": {
    "pageId": 0,
    "revisionId": 0,
    "timestamp": "2025-12-04T06:29:33.6471811Z",
    "cachedAt": "2025-12-04T06:29:33.6471815Z"
  },
  "Choose Your Friends Wisely": {
    "pageId": 0,
    "revisionId": 0,
    "timestamp": "2025-12-04T06:29:33.6486524Z",
    "cachedAt": "2025-12-04T06:29:33.6486527Z"
  },
  "Indisputable Authority": {
    "pageId": 0,
    "revisionId": 0,
    "timestamp": "2025-12-04T06:29:33.6498341Z",
    "cachedAt": "2025-12-04T06:29:33.6498344Z"
  },
  "Fair Price - Part 1": {
    "pageId": 0,
    "revisionId": 0,
    "timestamp": "2025-12-04T06:29:33.6508654Z",
    "cachedAt": "2025-12-04T06:29:33.6508657Z"
  },
  "Fair Price - Part 2": {
    "pageId": 0,
    "revisionId": 0,
    "timestamp": "2025-12-04T06:29:33.6517755Z",
    "cachedAt": "2025-12-04T06:29:33.6517757Z"
  },
  "Profitable Venture": {
    "pageId": 0,
    "revisionId": 0,
    "timestamp": "2025-12-04T06:29:33.652667Z",
    "cachedAt": "2025-12-04T06:29:33.6526671Z"
  },
  "Safety Guarantee": {
    "pageId": 0,
    "revisionId": 0,
    "timestamp": "2025-12-04T06:29:33.6535926Z",
    "cachedAt": "2025-12-04T06:29:33.6535927Z"
  },
  "Never Too Late To Learn": {
    "pageId": 0,
    "revisionId": 0,
    "timestamp": "2025-12-04T06:29:33.6545552Z",
    "cachedAt": "2025-12-04T06:29:33.6545553Z"
  },
  "Get a Foothold": {
    "pageId": 0,
    "revisionId": 0,
    "timestamp": "2025-12-04T06:29:33.6560441Z",
    "cachedAt": "2025-12-04T06:29:33.6560443Z"
  },
  "Profit Retention": {
    "pageId": 0,
    "revisionId": 0,
    "timestamp": "2025-12-04T06:29:33.6574728Z",
    "cachedAt": "2025-12-04T06:29:33.6574729Z"
  },
  "A Life Lesson": {
    "pageId": 0,
    "revisionId": 0,
    "timestamp": "2025-12-04T06:29:33.6586412Z",
    "cachedAt": "2025-12-04T06:29:33.6586413Z"
  },
  "Consolation Prize": {
    "pageId": 0,
    "revisionId": 0,
    "timestamp": "2025-12-04T06:29:33.6597422Z",
    "cachedAt": "2025-12-04T06:29:33.6597424Z"
  },
  "Fishing Gear": {
    "pageId": 0,
    "revisionId": 0,
    "timestamp": "2025-12-04T06:29:33.661305Z",
    "cachedAt": "2025-12-04T06:29:33.6613052Z"
  },
  "Tigr Safari": {
    "pageId": 0,
    "revisionId": 0,
    "timestamp": "2025-12-04T06:29:33.6623877Z",
    "cachedAt": "2025-12-04T06:29:33.6623879Z"
  },
  "Scrap Metal": {
    "pageId": 0,
    "revisionId": 0,
    "timestamp": "2025-12-04T06:29:33.6636101Z",
    "cachedAt": "2025-12-04T06:29:33.6636103Z"
  },
  "Eagle Eye": {
    "pageId": 0,
    "revisionId": 0,
    "timestamp": "2025-12-04T06:29:33.6646112Z",
    "cachedAt": "2025-12-04T06:29:33.6646116Z"
  },
  "Humanitarian Supplies": {
    "pageId": 0,
    "revisionId": 0,
    "timestamp": "2025-12-04T06:29:33.6656413Z",
    "cachedAt": "2025-12-04T06:29:33.6656415Z"
  },
  "The Cult - Part 1": {
    "pageId": 0,
    "revisionId": 0,
    "timestamp": "2025-12-04T06:29:33.666804Z",
    "cachedAt": "2025-12-04T06:29:33.6668042Z"
  },
  "The Cult - Part 2": {
    "pageId": 0,
    "revisionId": 0,
    "timestamp": "2025-12-04T06:29:33.6679729Z",
    "cachedAt": "2025-12-04T06:29:33.6679731Z"
  },
  "Spa Tour - Part 1": {
    "pageId": 0,
    "revisionId": 0,
    "timestamp": "2025-12-04T06:29:33.6692116Z",
    "cachedAt": "2025-12-04T06:29:33.6692118Z"
  },
  "Spa Tour - Part 2": {
    "pageId": 0,
    "revisionId": 0,
    "timestamp": "2025-12-04T06:29:33.6703895Z",
    "cachedAt": "2025-12-04T06:29:33.6703899Z"
  },
  "Spa Tour - Part 3": {
    "pageId": 0,
    "revisionId": 0,
    "timestamp": "2025-12-04T06:29:33.6715137Z",
    "cachedAt": "2025-12-04T06:29:33.6715138Z"
  },
  "Spa Tour - Part 4": {
    "pageId": 0,
    "revisionId": 0,
    "timestamp": "2025-12-04T06:29:33.6726516Z",
    "cachedAt": "2025-12-04T06:29:33.6726517Z"
  },
  "Spa Tour - Part 5": {
    "pageId": 0,
    "revisionId": 0,
    "timestamp": "2025-12-04T06:29:33.6737202Z",
    "cachedAt": "2025-12-04T06:29:33.6737204Z"
  },
  "Spa Tour - Part 6": {
    "pageId": 0,
    "revisionId": 0,
    "timestamp": "2025-12-04T06:29:33.6749362Z",
    "cachedAt": "2025-12-04T06:29:33.6749364Z"
  },
  "Spa Tour - Part 7": {
    "pageId": 0,
    "revisionId": 0,
    "timestamp": "2025-12-04T06:29:33.6763136Z",
    "cachedAt": "2025-12-04T06:29:33.6763138Z"
  },
  "Cargo X - Part 1": {
    "pageId": 0,
    "revisionId": 0,
    "timestamp": "2025-12-04T06:29:33.6775549Z",
    "cachedAt": "2025-12-04T06:29:33.6775551Z"
  },
  "Cargo X - Part 2": {
    "pageId": 0,
    "revisionId": 0,
    "timestamp": "2025-12-04T06:29:33.6783988Z",
    "cachedAt": "2025-12-04T06:29:33.6783989Z"
  },
  "Cargo X - Part 3": {
    "pageId": 0,
    "revisionId": 0,
    "timestamp": "2025-12-04T06:29:33.6793053Z",
    "cachedAt": "2025-12-04T06:29:33.6793054Z"
  },
  "Wet Job - Part 1": {
    "pageId": 0,
    "revisionId": 0,
    "timestamp": "2025-12-04T06:29:33.6803363Z",
    "cachedAt": "2025-12-04T06:29:33.6803365Z"
  },
  "Wet Job - Part 2": {
    "pageId": 0,
    "revisionId": 0,
    "timestamp": "2025-12-04T06:29:33.6815525Z",
    "cachedAt": "2025-12-04T06:29:33.6815528Z"
  },
  "Wet Job - Part 3": {
    "pageId": 0,
    "revisionId": 0,
    "timestamp": "2025-12-04T06:29:33.6826632Z",
    "cachedAt": "2025-12-04T06:29:33.6826641Z"
  },
  "Wet Job - Part 4": {
    "pageId": 0,
    "revisionId": 0,
    "timestamp": "2025-12-04T06:29:33.6836623Z",
    "cachedAt": "2025-12-04T06:29:33.6836624Z"
  },
  "Wet Job - Part 5": {
    "pageId": 0,
    "revisionId": 0,
    "timestamp": "2025-12-04T06:29:33.6845371Z",
    "cachedAt": "2025-12-04T06:29:33.6845372Z"
  },
  "Mentor": {
    "pageId": 0,
    "revisionId": 0,
    "timestamp": "2025-12-04T06:29:33.6854268Z",
    "cachedAt": "2025-12-04T06:29:33.6854269Z"
  },
  "Wet Job - Part 6": {
    "pageId": 0,
    "revisionId": 0,
    "timestamp": "2025-12-04T06:29:33.6862712Z",
    "cachedAt": "2025-12-04T06:29:33.6862714Z"
  },
  "The Guide": {
    "pageId": 0,
    "revisionId": 0,
    "timestamp": "2025-12-04T06:29:33.6874218Z",
    "cachedAt": "2025-12-04T06:29:33.6874219Z"
  },
  "Samples": {
    "pageId": 0,
    "revisionId": 0,
    "timestamp": "2025-12-04T06:29:33.6887939Z",
    "cachedAt": "2025-12-04T06:29:33.6887941Z"
  },
  "TerraGroup Employee": {
    "pageId": 0,
    "revisionId": 0,
    "timestamp": "2025-12-04T06:29:33.6902275Z",
    "cachedAt": "2025-12-04T06:29:33.6902276Z"
  },
  "Lend-Lease - Part 2": {
    "pageId": 0,
    "revisionId": 0,
    "timestamp": "2025-12-04T06:29:33.6911549Z",
    "cachedAt": "2025-12-04T06:29:33.691155Z"
  },
  "Peacekeeping Mission": {
    "pageId": 0,
    "revisionId": 0,
    "timestamp": "2025-12-04T06:29:33.6921945Z",
    "cachedAt": "2025-12-04T06:29:33.6921946Z"
  },
  "Classified Technologies": {
    "pageId": 0,
    "revisionId": 0,
    "timestamp": "2025-12-04T06:29:33.6931915Z",
    "cachedAt": "2025-12-04T06:29:33.6931916Z"
  },
  "Revision - Reserve": {
    "pageId": 0,
    "revisionId": 0,
    "timestamp": "2025-12-04T06:29:33.6942598Z",
    "cachedAt": "2025-12-04T06:29:33.69426Z"
  },
  "The Cleaner": {
    "pageId": 0,
    "revisionId": 0,
    "timestamp": "2025-12-04T06:29:33.6954813Z",
    "cachedAt": "2025-12-04T06:29:33.6954814Z"
  },
  "Special Equipment": {
    "pageId": 0,
    "revisionId": 0,
    "timestamp": "2025-12-04T06:29:33.6965936Z",
    "cachedAt": "2025-12-04T06:29:33.6965938Z"
  },
  "Cargo X - Part 4": {
    "pageId": 0,
    "revisionId": 0,
    "timestamp": "2025-12-04T06:29:33.6975532Z",
    "cachedAt": "2025-12-04T06:29:33.6975534Z"
  },
  "Insomnia": {
    "pageId": 0,
    "revisionId": 0,
    "timestamp": "2025-12-04T06:29:33.6985407Z",
    "cachedAt": "2025-12-04T06:29:33.698541Z"
  },
  "Counteraction": {
    "pageId": 0,
    "revisionId": 0,
    "timestamp": "2025-12-04T06:29:33.699444Z",
    "cachedAt": "2025-12-04T06:29:33.6994441Z"
  },
  "Overpopulation": {
    "pageId": 0,
    "revisionId": 0,
    "timestamp": "2025-12-04T06:29:33.7003649Z",
    "cachedAt": "2025-12-04T06:29:33.7003652Z"
  },
  "Revision - Lighthouse": {
    "pageId": 0,
    "revisionId": 0,
    "timestamp": "2025-12-04T06:29:33.7014004Z",
    "cachedAt": "2025-12-04T06:29:33.7014005Z"
  },
  "Trophies": {
    "pageId": 0,
    "revisionId": 0,
    "timestamp": "2025-12-04T06:29:33.7031156Z",
    "cachedAt": "2025-12-04T06:29:33.7031158Z"
  },
  "Revision - Streets of Tarkov": {
    "pageId": 0,
    "revisionId": 0,
    "timestamp": "2025-12-04T06:29:33.7044014Z",
    "cachedAt": "2025-12-04T06:29:33.7044016Z"
  },
  "Road Closed": {
    "pageId": 0,
    "revisionId": 0,
    "timestamp": "2025-12-04T06:29:33.70649Z",
    "cachedAt": "2025-12-04T06:29:33.7064904Z"
  },
  "Worst Job in the World": {
    "pageId": 0,
    "revisionId": 0,
    "timestamp": "2025-12-04T06:29:33.7081133Z",
    "cachedAt": "2025-12-04T06:29:33.7081136Z"
  },
  "Your Car Needs a Service": {
    "pageId": 0,
    "revisionId": 0,
    "timestamp": "2025-12-04T06:29:33.7097513Z",
    "cachedAt": "2025-12-04T06:29:33.7097515Z"
  },
  "One Less Loose End": {
    "pageId": 0,
    "revisionId": 0,
    "timestamp": "2025-12-04T06:29:33.7112728Z",
    "cachedAt": "2025-12-04T06:29:33.7112731Z"
  },
  "New Day, New Paths": {
    "pageId": 0,
    "revisionId": 0,
    "timestamp": "2025-12-04T06:29:33.7126405Z",
    "cachedAt": "2025-12-04T06:29:33.7126406Z"
  },
  "Seizing the Initiative": {
    "pageId": 0,
    "revisionId": 0,
    "timestamp": "2025-12-04T06:29:33.7138483Z",
    "cachedAt": "2025-12-04T06:29:33.7138484Z"
  },
  "Confidential Info": {
    "pageId": 0,
    "revisionId": 0,
    "timestamp": "2025-12-04T06:29:33.71486Z",
    "cachedAt": "2025-12-04T06:29:33.7148601Z"
  },
  "Saving the Mole": {
    "pageId": 0,
    "revisionId": 0,
    "timestamp": "2025-12-04T06:29:33.7162866Z",
    "cachedAt": "2025-12-04T06:29:33.7162868Z"
  },
  "Introduction": {
    "pageId": 0,
    "revisionId": 0,
    "timestamp": "2025-12-04T06:29:33.7178148Z",
    "cachedAt": "2025-12-04T06:29:33.7178149Z"
  },
  "Gunsmith - Part 1": {
    "pageId": 0,
    "revisionId": 0,
    "timestamp": "2025-12-04T06:29:33.7194306Z",
    "cachedAt": "2025-12-04T06:29:33.7194309Z"
  },
  "Gunsmith - Part 2": {
    "pageId": 0,
    "revisionId": 0,
    "timestamp": "2025-12-04T06:29:33.720859Z",
    "cachedAt": "2025-12-04T06:29:33.7208593Z"
  },
  "Gunsmith - Part 3": {
    "pageId": 0,
    "revisionId": 0,
    "timestamp": "2025-12-04T06:29:33.7220541Z",
    "cachedAt": "2025-12-04T06:29:33.7220543Z"
  },
  "Gunsmith - Part 4": {
    "pageId": 0,
    "revisionId": 0,
    "timestamp": "2025-12-04T06:29:33.7236167Z",
    "cachedAt": "2025-12-04T06:29:33.7236169Z"
  },
  "Gunsmith - Part 5": {
    "pageId": 0,
    "revisionId": 0,
    "timestamp": "2025-12-04T06:29:33.725138Z",
    "cachedAt": "2025-12-04T06:29:33.7251384Z"
  },
  "Gunsmith - Part 6": {
    "pageId": 0,
    "revisionId": 0,
    "timestamp": "2025-12-04T06:29:33.7266084Z",
    "cachedAt": "2025-12-04T06:29:33.7266086Z"
  },
  "Gunsmith - Part 7": {
    "pageId": 0,
    "revisionId": 0,
    "timestamp": "2025-12-04T06:29:33.7278172Z",
    "cachedAt": "2025-12-04T06:29:33.7278175Z"
  },
  "Gunsmith - Part 8": {
    "pageId": 0,
    "revisionId": 0,
    "timestamp": "2025-12-04T06:29:33.7291698Z",
    "cachedAt": "2025-12-04T06:29:33.72917Z"
  },
  "Gunsmith - Part 9": {
    "pageId": 0,
    "revisionId": 0,
    "timestamp": "2025-12-04T06:29:33.7307486Z",
    "cachedAt": "2025-12-04T06:29:33.7307489Z"
  },
  "Gunsmith - Part 10": {
    "pageId": 0,
    "revisionId": 0,
    "timestamp": "2025-12-04T06:29:33.7320748Z",
    "cachedAt": "2025-12-04T06:29:33.7320751Z"
  },
  "Gunsmith - Part 11": {
    "pageId": 0,
    "revisionId": 0,
    "timestamp": "2025-12-04T06:29:33.7335679Z",
    "cachedAt": "2025-12-04T06:29:33.7335682Z"
  },
  "Gunsmith - Part 12": {
    "pageId": 0,
    "revisionId": 0,
    "timestamp": "2025-12-04T06:29:33.7349056Z",
    "cachedAt": "2025-12-04T06:29:33.7349059Z"
  },
  "Gunsmith - Part 13": {
    "pageId": 0,
    "revisionId": 0,
    "timestamp": "2025-12-04T06:29:33.7360571Z",
    "cachedAt": "2025-12-04T06:29:33.7360572Z"
  },
  "Gunsmith - Part 14": {
    "pageId": 0,
    "revisionId": 0,
    "timestamp": "2025-12-04T06:29:33.7372254Z",
    "cachedAt": "2025-12-04T06:29:33.7372256Z"
  },
  "Gunsmith - Part 15": {
    "pageId": 0,
    "revisionId": 0,
    "timestamp": "2025-12-04T06:29:33.7385409Z",
    "cachedAt": "2025-12-04T06:29:33.7385413Z"
  },
  "Gunsmith - Part 16": {
    "pageId": 0,
    "revisionId": 0,
    "timestamp": "2025-12-04T06:29:33.7400085Z",
    "cachedAt": "2025-12-04T06:29:33.7400087Z"
  },
  "Gunsmith - Part 17": {
    "pageId": 0,
    "revisionId": 0,
    "timestamp": "2025-12-04T06:29:33.7411662Z",
    "cachedAt": "2025-12-04T06:29:33.7411666Z"
  },
  "Gunsmith - Part 18": {
    "pageId": 0,
    "revisionId": 0,
    "timestamp": "2025-12-04T06:29:33.7424361Z",
    "cachedAt": "2025-12-04T06:29:33.7424363Z"
  },
  "Gunsmith - Part 19": {
    "pageId": 0,
    "revisionId": 0,
    "timestamp": "2025-12-04T06:29:33.7436019Z",
    "cachedAt": "2025-12-04T06:29:33.7436022Z"
  },
  "Gunsmith - Part 20": {
    "pageId": 0,
    "revisionId": 0,
    "timestamp": "2025-12-04T06:29:33.744768Z",
    "cachedAt": "2025-12-04T06:29:33.7447682Z"
  },
  "Gunsmith - Part 21": {
    "pageId": 0,
    "revisionId": 0,
    "timestamp": "2025-12-04T06:29:33.7464978Z",
    "cachedAt": "2025-12-04T06:29:33.7464981Z"
  },
  "Gunsmith - Part 22": {
    "pageId": 0,
    "revisionId": 0,
    "timestamp": "2025-12-04T06:29:33.7475087Z",
    "cachedAt": "2025-12-04T06:29:33.7475091Z"
  },
  "Gunsmith - Part 23": {
    "pageId": 0,
    "revisionId": 0,
    "timestamp": "2025-12-04T06:29:33.7484058Z",
    "cachedAt": "2025-12-04T06:29:33.748406Z"
  },
  "Gunsmith - Part 24": {
    "pageId": 0,
    "revisionId": 0,
    "timestamp": "2025-12-04T06:29:33.7494705Z",
    "cachedAt": "2025-12-04T06:29:33.7494708Z"
  },
  "Gunsmith - Part 25": {
    "pageId": 0,
    "revisionId": 0,
    "timestamp": "2025-12-04T06:29:33.7509026Z",
    "cachedAt": "2025-12-04T06:29:33.7509028Z"
  },
  "Gunsmith - Old Friend's Request": {
    "pageId": 0,
    "revisionId": 0,
    "timestamp": "2025-12-04T06:29:33.7521706Z",
    "cachedAt": "2025-12-04T06:29:33.7521709Z"
  },
  "Signal - Part 1": {
    "pageId": 0,
    "revisionId": 0,
    "timestamp": "2025-12-04T06:29:33.753693Z",
    "cachedAt": "2025-12-04T06:29:33.7536932Z"
  },
  "Insider": {
    "pageId": 0,
    "revisionId": 0,
    "timestamp": "2025-12-04T06:29:33.7549264Z",
    "cachedAt": "2025-12-04T06:29:33.7549266Z"
  },
  "Signal - Part 2": {
    "pageId": 0,
    "revisionId": 0,
    "timestamp": "2025-12-04T06:29:33.7558769Z",
    "cachedAt": "2025-12-04T06:29:33.7558771Z"
  },
  "Scout": {
    "pageId": 0,
    "revisionId": 0,
    "timestamp": "2025-12-04T06:29:33.757129Z",
    "cachedAt": "2025-12-04T06:29:33.7571293Z"
  },
  "Capacity Check": {
    "pageId": 0,
    "revisionId": 0,
    "timestamp": "2025-12-04T06:29:33.7585433Z",
    "cachedAt": "2025-12-04T06:29:33.7585435Z"
  },
  "Black Swan": {
    "pageId": 0,
    "revisionId": 0,
    "timestamp": "2025-12-04T06:29:33.7595695Z",
    "cachedAt": "2025-12-04T06:29:33.7595698Z"
  },
  "Forklift Certified": {
    "pageId": 0,
    "revisionId": 0,
    "timestamp": "2025-12-04T06:29:33.7614882Z",
    "cachedAt": "2025-12-04T06:29:33.7614887Z"
  },
  "Surplus Goods": {
    "pageId": 0,
    "revisionId": 0,
    "timestamp": "2025-12-04T06:29:33.7628743Z",
    "cachedAt": "2025-12-04T06:29:33.7628744Z"
  },
  "Back Door": {
    "pageId": 0,
    "revisionId": 0,
    "timestamp": "2025-12-04T06:29:33.7648446Z",
    "cachedAt": "2025-12-04T06:29:33.7648448Z"
  },
  "Signal - Part 3": {
    "pageId": 0,
    "revisionId": 0,
    "timestamp": "2025-12-04T06:29:33.7673463Z",
    "cachedAt": "2025-12-04T06:29:33.7673466Z"
  },
  "Signal - Part 4": {
    "pageId": 0,
    "revisionId": 0,
    "timestamp": "2025-12-04T06:29:33.7683379Z",
    "cachedAt": "2025-12-04T06:29:33.7683382Z"
  },
  "Farming - Part 1": {
    "pageId": 0,
    "revisionId": 0,
    "timestamp": "2025-12-04T06:29:33.7696489Z",
    "cachedAt": "2025-12-04T06:29:33.7696491Z"
  },
  "Farming - Part 2": {
    "pageId": 0,
    "revisionId": 0,
    "timestamp": "2025-12-04T06:29:33.7730231Z",
    "cachedAt": "2025-12-04T06:29:33.7730233Z"
  },
  "Bad Habit": {
    "pageId": 0,
    "revisionId": 0,
    "timestamp": "2025-12-04T06:29:33.7746486Z",
    "cachedAt": "2025-12-04T06:29:33.7746488Z"
  },
  "Farming - Part 3": {
    "pageId": 0,
    "revisionId": 0,
    "timestamp": "2025-12-04T06:29:33.7767115Z",
    "cachedAt": "2025-12-04T06:29:33.7767118Z"
  },
  "Farming - Part 4": {
    "pageId": 0,
    "revisionId": 0,
    "timestamp": "2025-12-04T06:29:33.7779761Z",
    "cachedAt": "2025-12-04T06:29:33.7779764Z"
  },
  "Psycho Sniper": {
    "pageId": 0,
    "revisionId": 0,
    "timestamp": "2025-12-04T06:29:33.7795967Z",
    "cachedAt": "2025-12-04T06:29:33.7795971Z"
  },
  "A Shooter Born in Heaven": {
    "pageId": 0,
    "revisionId": 0,
    "timestamp": "2025-12-04T06:29:33.7810936Z",
    "cachedAt": "2025-12-04T06:29:33.7810943Z"
  },
  "Fertilizers": {
    "pageId": 0,
    "revisionId": 0,
    "timestamp": "2025-12-04T06:29:33.7827804Z",
    "cachedAt": "2025-12-04T06:29:33.7827807Z"
  },
  "Import": {
    "pageId": 0,
    "revisionId": 0,
    "timestamp": "2025-12-04T06:29:33.7838662Z",
    "cachedAt": "2025-12-04T06:29:33.7838663Z"
  },
  "Passion for Ergonomics": {
    "pageId": 0,
    "revisionId": 0,
    "timestamp": "2025-12-04T06:29:33.7847359Z",
    "cachedAt": "2025-12-04T06:29:33.784736Z"
  },
  "Goals and Means": {
    "pageId": 0,
    "revisionId": 0,
    "timestamp": "2025-12-04T06:29:33.7854954Z",
    "cachedAt": "2025-12-04T06:29:33.7854955Z"
  },
  "Chemistry Closet": {
    "pageId": 0,
    "revisionId": 0,
    "timestamp": "2025-12-04T06:29:33.7865816Z",
    "cachedAt": "2025-12-04T06:29:33.7865821Z"
  },
  "Calibration": {
    "pageId": 0,
    "revisionId": 0,
    "timestamp": "2025-12-04T06:29:33.787558Z",
    "cachedAt": "2025-12-04T06:29:33.7875581Z"
  },
  "The Courier": {
    "pageId": 0,
    "revisionId": 0,
    "timestamp": "2025-12-04T06:29:33.7887677Z",
    "cachedAt": "2025-12-04T06:29:33.7887679Z"
  },
  "Corporate Secrets": {
    "pageId": 0,
    "revisionId": 0,
    "timestamp": "2025-12-04T06:29:33.7897353Z",
    "cachedAt": "2025-12-04T06:29:33.7897354Z"
  },
  "Energy Crisis": {
    "pageId": 0,
    "revisionId": 0,
    "timestamp": "2025-12-04T06:29:33.7907609Z",
    "cachedAt": "2025-12-04T06:29:33.7907611Z"
  },
  "Broadcast - Part 1": {
    "pageId": 0,
    "revisionId": 0,
    "timestamp": "2025-12-04T06:29:33.7916919Z",
    "cachedAt": "2025-12-04T06:29:33.791692Z"
  },
  "Broadcast - Part 2": {
    "pageId": 0,
    "revisionId": 0,
    "timestamp": "2025-12-04T06:29:33.792627Z",
    "cachedAt": "2025-12-04T06:29:33.7926272Z"
  },
  "Surveillance": {
    "pageId": 0,
    "revisionId": 0,
    "timestamp": "2025-12-04T06:29:33.7934972Z",
    "cachedAt": "2025-12-04T06:29:33.7934973Z"
  },
  "Watching You": {
    "pageId": 0,
    "revisionId": 0,
    "timestamp": "2025-12-04T06:29:33.7944049Z",
    "cachedAt": "2025-12-04T06:29:33.7944051Z"
  },
  "Network Provider - Part 1": {
    "pageId": 0,
    "revisionId": 0,
    "timestamp": "2025-12-04T06:29:33.7952209Z",
    "cachedAt": "2025-12-04T06:29:33.795221Z"
  },
  "Network Provider - Part 2": {
    "pageId": 0,
    "revisionId": 0,
    "timestamp": "2025-12-04T06:29:33.7967964Z",
    "cachedAt": "2025-12-04T06:29:33.7967965Z"
  },
  "Assessment - Part 1": {
    "pageId": 0,
    "revisionId": 0,
    "timestamp": "2025-12-04T06:29:33.7978308Z",
    "cachedAt": "2025-12-04T06:29:33.797831Z"
  },
  "Assessment - Part 2": {
    "pageId": 0,
    "revisionId": 0,
    "timestamp": "2025-12-04T06:29:33.7988979Z",
    "cachedAt": "2025-12-04T06:29:33.798898Z"
  },
  "Assessment - Part 3": {
    "pageId": 0,
    "revisionId": 0,
    "timestamp": "2025-12-04T06:29:33.8000581Z",
    "cachedAt": "2025-12-04T06:29:33.8000583Z"
  },
  "Key to the Tower": {
    "pageId": 0,
    "revisionId": 0,
    "timestamp": "2025-12-04T06:29:33.8011695Z",
    "cachedAt": "2025-12-04T06:29:33.8011697Z"
  },
  "Knock-Knock": {
    "pageId": 0,
    "revisionId": 0,
    "timestamp": "2025-12-04T06:29:33.8020176Z",
    "cachedAt": "2025-12-04T06:29:33.8020178Z"
  },
  "Getting Acquainted": {
    "pageId": 0,
    "revisionId": 0,
    "timestamp": "2025-12-04T06:29:33.8032195Z",
    "cachedAt": "2025-12-04T06:29:33.8032197Z"
  },
  "The Door": {
    "pageId": 0,
    "revisionId": 0,
    "timestamp": "2025-12-04T06:29:33.8042641Z",
    "cachedAt": "2025-12-04T06:29:33.8042643Z"
  },
  "Steady Signal": {
    "pageId": 0,
    "revisionId": 0,
    "timestamp": "2025-12-04T06:29:33.8052601Z",
    "cachedAt": "2025-12-04T06:29:33.8052603Z"
  },
  "Developer's Secrets - Part 1": {
    "pageId": 0,
    "revisionId": 0,
    "timestamp": "2025-12-04T06:29:33.806327Z",
    "cachedAt": "2025-12-04T06:29:33.8063271Z"
  },
  "Developer's Secrets - Part 2": {
    "pageId": 0,
    "revisionId": 0,
    "timestamp": "2025-12-04T06:29:33.8078082Z",
    "cachedAt": "2025-12-04T06:29:33.8078084Z"
  },
  "Airmail": {
    "pageId": 0,
    "revisionId": 0,
    "timestamp": "2025-12-04T06:29:33.8095399Z",
    "cachedAt": "2025-12-04T06:29:33.80954Z"
  },
  "Camera, Action!": {
    "pageId": 0,
    "revisionId": 0,
    "timestamp": "2025-12-04T06:29:33.8109262Z",
    "cachedAt": "2025-12-04T06:29:33.8109264Z"
  },
  "Secrets of Polikhim": {
    "pageId": 0,
    "revisionId": 0,
    "timestamp": "2025-12-04T06:29:33.8121879Z",
    "cachedAt": "2025-12-04T06:29:33.8121882Z"
  },
  "A Helping Hand": {
    "pageId": 0,
    "revisionId": 0,
    "timestamp": "2025-12-04T06:29:33.8133903Z",
    "cachedAt": "2025-12-04T06:29:33.8133905Z"
  },
  "Shady Contractor": {
    "pageId": 0,
    "revisionId": 0,
    "timestamp": "2025-12-04T06:29:33.8144386Z",
    "cachedAt": "2025-12-04T06:29:33.8144388Z"
  },
  "Needle in a Haystack": {
    "pageId": 0,
    "revisionId": 0,
    "timestamp": "2025-12-04T06:29:33.815499Z",
    "cachedAt": "2025-12-04T06:29:33.8154993Z"
  },
  "Hidden Layer": {
    "pageId": 0,
    "revisionId": 0,
    "timestamp": "2025-12-04T06:29:33.8170739Z",
    "cachedAt": "2025-12-04T06:29:33.817074Z"
  },
  "Offensive Reconnaissance": {
    "pageId": 0,
    "revisionId": 0,
    "timestamp": "2025-12-04T06:29:33.8180788Z",
    "cachedAt": "2025-12-04T06:29:33.8180791Z"
  },
  "Hypotheses Testing": {
    "pageId": 0,
    "revisionId": 0,
    "timestamp": "2025-12-04T06:29:33.8193988Z",
    "cachedAt": "2025-12-04T06:29:33.819399Z"
  },
  "Hobby Club": {
    "pageId": 0,
    "revisionId": 0,
    "timestamp": "2025-12-04T06:29:33.8205209Z",
    "cachedAt": "2025-12-04T06:29:33.8205211Z"
  },
  "Make Amends - Buyout": {
    "pageId": 0,
    "revisionId": 0,
    "timestamp": "2025-12-04T06:29:33.8218438Z",
    "cachedAt": "2025-12-04T06:29:33.8218441Z"
  },
  "Make Amends - Equipment": {
    "pageId": 0,
    "revisionId": 0,
    "timestamp": "2025-12-04T06:29:33.8232177Z",
    "cachedAt": "2025-12-04T06:29:33.8232181Z"
  },
  "Make Amends - Security": {
    "pageId": 0,
    "revisionId": 0,
    "timestamp": "2025-12-04T06:29:33.8246504Z",
    "cachedAt": "2025-12-04T06:29:33.8246506Z"
  },
  "Make Amends - Sweep Up": {
    "pageId": 0,
    "revisionId": 0,
    "timestamp": "2025-12-04T06:29:33.8258388Z",
    "cachedAt": "2025-12-04T06:29:33.825839Z"
  },
  "Make Amends - Software": {
    "pageId": 0,
    "revisionId": 0,
    "timestamp": "2025-12-04T06:29:33.8270868Z",
    "cachedAt": "2025-12-04T06:29:33.8270871Z"
  },
  "Make Amends - Quarantine": {
    "pageId": 0,
    "revisionId": 0,
    "timestamp": "2025-12-04T06:29:33.8283731Z",
    "cachedAt": "2025-12-04T06:29:33.8283733Z"
  },
  "Make Amends": {
    "pageId": 0,
    "revisionId": 0,
    "timestamp": "2025-12-04T06:29:33.8298238Z",
    "cachedAt": "2025-12-04T06:29:33.8298241Z"
  },
  "Only Business": {
    "pageId": 0,
    "revisionId": 0,
    "timestamp": "2025-12-04T06:29:33.831567Z",
    "cachedAt": "2025-12-04T06:29:33.8315672Z"
  },
  "Make ULTRA Great Again": {
    "pageId": 0,
    "revisionId": 0,
    "timestamp": "2025-12-04T06:29:33.8327711Z",
    "cachedAt": "2025-12-04T06:29:33.8327712Z"
  },
  "Big Sale": {
    "pageId": 0,
    "revisionId": 0,
    "timestamp": "2025-12-04T06:29:33.8343127Z",
    "cachedAt": "2025-12-04T06:29:33.8343129Z"
  },
  "A Fuel Matter": {
    "pageId": 0,
    "revisionId": 0,
    "timestamp": "2025-12-04T06:29:33.8359819Z",
    "cachedAt": "2025-12-04T06:29:33.8359821Z"
  },
  "Inventory Check": {
    "pageId": 0,
    "revisionId": 0,
    "timestamp": "2025-12-04T06:29:33.8372972Z",
    "cachedAt": "2025-12-04T06:29:33.8372974Z"
  },
  "The Blood of War - Part 1": {
    "pageId": 0,
    "revisionId": 0,
    "timestamp": "2025-12-04T06:29:33.8384362Z",
    "cachedAt": "2025-12-04T06:29:33.8384363Z"
  },
  "Dressed to Kill": {
    "pageId": 0,
    "revisionId": 0,
    "timestamp": "2025-12-04T06:29:33.8399844Z",
    "cachedAt": "2025-12-04T06:29:33.8399845Z"
  },
  "Gratitude": {
    "pageId": 0,
    "revisionId": 0,
    "timestamp": "2025-12-04T06:29:33.8412261Z",
    "cachedAt": "2025-12-04T06:29:33.8412263Z"
  },
  "Hot Delivery": {
    "pageId": 0,
    "revisionId": 0,
    "timestamp": "2025-12-04T06:29:33.84222Z",
    "cachedAt": "2025-12-04T06:29:33.8422201Z"
  },
  "Scavenger": {
    "pageId": 0,
    "revisionId": 0,
    "timestamp": "2025-12-04T06:29:33.8431348Z",
    "cachedAt": "2025-12-04T06:29:33.8431349Z"
  },
  "Sales Night": {
    "pageId": 0,
    "revisionId": 0,
    "timestamp": "2025-12-04T06:29:33.8439834Z",
    "cachedAt": "2025-12-04T06:29:33.8439836Z"
  },
  "Database - Part 1": {
    "pageId": 0,
    "revisionId": 0,
    "timestamp": "2025-12-04T06:29:33.8450024Z",
    "cachedAt": "2025-12-04T06:29:33.8450026Z"
  },
  "Database - Part 2": {
    "pageId": 0,
    "revisionId": 0,
    "timestamp": "2025-12-04T06:29:33.846064Z",
    "cachedAt": "2025-12-04T06:29:33.8460641Z"
  },
  "Minibus": {
    "pageId": 0,
    "revisionId": 0,
    "timestamp": "2025-12-04T06:29:33.8472386Z",
    "cachedAt": "2025-12-04T06:29:33.8472388Z"
  },
  "Sew it Good - Part 1": {
    "pageId": 0,
    "revisionId": 0,
    "timestamp": "2025-12-04T06:29:33.84826Z",
    "cachedAt": "2025-12-04T06:29:33.8482602Z"
  },
  "The Blood of War - Part 2": {
    "pageId": 0,
    "revisionId": 0,
    "timestamp": "2025-12-04T06:29:33.8494325Z",
    "cachedAt": "2025-12-04T06:29:33.8494326Z"
  },
  "The Blood of War - Part 3": {
    "pageId": 0,
    "revisionId": 0,
    "timestamp": "2025-12-04T06:29:33.8510606Z",
    "cachedAt": "2025-12-04T06:29:33.8510608Z"
  },
  "Sew it Good - Part 2": {
    "pageId": 0,
    "revisionId": 0,
    "timestamp": "2025-12-04T06:29:33.852305Z",
    "cachedAt": "2025-12-04T06:29:33.8523052Z"
  },
  "Sew it Good - Part 3": {
    "pageId": 0,
    "revisionId": 0,
    "timestamp": "2025-12-04T06:29:33.8534382Z",
    "cachedAt": "2025-12-04T06:29:33.8534384Z"
  },
  "The Key to Success": {
    "pageId": 0,
    "revisionId": 0,
    "timestamp": "2025-12-04T06:29:33.8546406Z",
    "cachedAt": "2025-12-04T06:29:33.8546408Z"
  },
  "No Fuss Needed": {
    "pageId": 0,
    "revisionId": 0,
    "timestamp": "2025-12-04T06:29:33.8557645Z",
    "cachedAt": "2025-12-04T06:29:33.8557649Z"
  },
  "Supervisor": {
    "pageId": 0,
    "revisionId": 0,
    "timestamp": "2025-12-04T06:29:33.8566631Z",
    "cachedAt": "2025-12-04T06:29:33.8566633Z"
  },
  "Living High is Not a Crime - Part 1": {
    "pageId": 0,
    "revisionId": 0,
    "timestamp": "2025-12-04T06:29:33.8578169Z",
    "cachedAt": "2025-12-04T06:29:33.8578171Z"
  },
  "Living High is Not a Crime - Part 2": {
    "pageId": 0,
    "revisionId": 0,
    "timestamp": "2025-12-04T06:29:33.8594482Z",
    "cachedAt": "2025-12-04T06:29:33.8594483Z"
  },
  "Sew it Good - Part 4": {
    "pageId": 0,
    "revisionId": 0,
    "timestamp": "2025-12-04T06:29:33.8607061Z",
    "cachedAt": "2025-12-04T06:29:33.8607062Z"
  },
  "Charisma Brings Success": {
    "pageId": 0,
    "revisionId": 0,
    "timestamp": "2025-12-04T06:29:33.8621677Z",
    "cachedAt": "2025-12-04T06:29:33.8621678Z"
  },
  "Textile - Part 1": {
    "pageId": 0,
    "revisionId": 0,
    "timestamp": "2025-12-04T06:29:33.8637647Z",
    "cachedAt": "2025-12-04T06:29:33.8637648Z"
  },
  "Textile - Part 2": {
    "pageId": 0,
    "revisionId": 0,
    "timestamp": "2025-12-04T06:29:33.8654048Z",
    "cachedAt": "2025-12-04T06:29:33.865405Z"
  },
  "Long Line": {
    "pageId": 0,
    "revisionId": 0,
    "timestamp": "2025-12-04T06:29:33.8663955Z",
    "cachedAt": "2025-12-04T06:29:33.8663956Z"
  },
  "Booze": {
    "pageId": 0,
    "revisionId": 0,
    "timestamp": "2025-12-04T06:29:33.867278Z",
    "cachedAt": "2025-12-04T06:29:33.8672781Z"
  },
  "Break the Deal": {
    "pageId": 0,
    "revisionId": 0,
    "timestamp": "2025-12-04T06:29:33.8683381Z",
    "cachedAt": "2025-12-04T06:29:33.8683383Z"
  },
  "Audit": {
    "pageId": 0,
    "revisionId": 0,
    "timestamp": "2025-12-04T06:29:33.8692938Z",
    "cachedAt": "2025-12-04T06:29:33.8692939Z"
  },
  "Ballet Lover": {
    "pageId": 0,
    "revisionId": 0,
    "timestamp": "2025-12-04T06:29:33.8701775Z",
    "cachedAt": "2025-12-04T06:29:33.8701776Z"
  },
  "Audiophile": {
    "pageId": 0,
    "revisionId": 0,
    "timestamp": "2025-12-04T06:29:33.8711435Z",
    "cachedAt": "2025-12-04T06:29:33.8711437Z"
  },
  "Dandies": {
    "pageId": 0,
    "revisionId": 0,
    "timestamp": "2025-12-04T06:29:33.8722258Z",
    "cachedAt": "2025-12-04T06:29:33.872226Z"
  },
  "Nothing Fishy About This": {
    "pageId": 0,
    "revisionId": 0,
    "timestamp": "2025-12-04T06:29:33.8733405Z",
    "cachedAt": "2025-12-04T06:29:33.8733411Z"
  },
  "Key to the City": {
    "pageId": 0,
    "revisionId": 0,
    "timestamp": "2025-12-04T06:29:33.8747568Z",
    "cachedAt": "2025-12-04T06:29:33.874757Z"
  },
  "The Invisible Hand": {
    "pageId": 0,
    "revisionId": 0,
    "timestamp": "2025-12-04T06:29:33.87602Z",
    "cachedAt": "2025-12-04T06:29:33.8760202Z"
  },
  "Circulate": {
    "pageId": 0,
    "revisionId": 0,
    "timestamp": "2025-12-04T06:29:33.876947Z",
    "cachedAt": "2025-12-04T06:29:33.8769471Z"
  },
  "Special Offer": {
    "pageId": 0,
    "revisionId": 0,
    "timestamp": "2025-12-04T06:29:33.8780399Z",
    "cachedAt": "2025-12-04T06:29:33.87804Z"
  },
  "Combat Proven": {
    "pageId": 0,
    "revisionId": 0,
    "timestamp": "2025-12-04T06:29:33.8789395Z",
    "cachedAt": "2025-12-04T06:29:33.8789396Z"
  },
  "Old Patterns": {
    "pageId": 0,
    "revisionId": 0,
    "timestamp": "2025-12-04T06:29:33.879995Z",
    "cachedAt": "2025-12-04T06:29:33.8799951Z"
  },
  "Drip-Out - Part 1": {
    "pageId": 0,
    "revisionId": 0,
    "timestamp": "2025-12-04T06:29:33.8810492Z",
    "cachedAt": "2025-12-04T06:29:33.8810493Z"
  },
  "Drip-Out - Part 2": {
    "pageId": 0,
    "revisionId": 0,
    "timestamp": "2025-12-04T06:29:33.8825983Z",
    "cachedAt": "2025-12-04T06:29:33.8825984Z"
  },
  "Know Your Place!": {
    "pageId": 0,
    "revisionId": 0,
    "timestamp": "2025-12-04T06:29:33.8838274Z",
    "cachedAt": "2025-12-04T06:29:33.8838275Z"
  },
  "Another Shipping Delay": {
    "pageId": 0,
    "revisionId": 0,
    "timestamp": "2025-12-04T06:29:33.884797Z",
    "cachedAt": "2025-12-04T06:29:33.8847972Z"
  },
  "Stabilize Business": {
    "pageId": 0,
    "revisionId": 0,
    "timestamp": "2025-12-04T06:29:33.8857323Z",
    "cachedAt": "2025-12-04T06:29:33.8857324Z"
  },
  "Sensory Analysis - Part 1": {
    "pageId": 0,
    "revisionId": 0,
    "timestamp": "2025-12-04T06:29:33.8866632Z",
    "cachedAt": "2025-12-04T06:29:33.8866634Z"
  },
  "Vacate the Premises": {
    "pageId": 0,
    "revisionId": 0,
    "timestamp": "2025-12-04T06:29:33.8880878Z",
    "cachedAt": "2025-12-04T06:29:33.888088Z"
  },
  "New Beginning (Prestige 1)": {
    "pageId": 0,
    "revisionId": 0,
    "timestamp": "2025-12-04T06:29:33.8892141Z",
    "cachedAt": "2025-12-04T06:29:33.8892143Z"
  },
  "New Beginning (Prestige 2)": {
    "pageId": 0,
    "revisionId": 0,
    "timestamp": "2025-12-04T06:29:33.8911077Z",
    "cachedAt": "2025-12-04T06:29:33.8911079Z"
  },
  "New Beginning (Prestige 3)": {
    "pageId": 0,
    "revisionId": 0,
    "timestamp": "2025-12-04T06:29:33.892714Z",
    "cachedAt": "2025-12-04T06:29:33.8927143Z"
  },
  "New Beginning (Prestige 4)": {
    "pageId": 0,
    "revisionId": 0,
    "timestamp": "2025-12-04T06:29:33.8938817Z",
    "cachedAt": "2025-12-04T06:29:33.8938819Z"
  },
  "New Beginning (Prestige 5)": {
    "pageId": 0,
    "revisionId": 0,
    "timestamp": "2025-12-04T06:29:33.8949264Z",
    "cachedAt": "2025-12-04T06:29:33.8949265Z"
  },
  "Acquaintance": {
    "pageId": 0,
    "revisionId": 0,
    "timestamp": "2025-12-04T06:29:33.8961835Z",
    "cachedAt": "2025-12-04T06:29:33.8961836Z"
  },
  "The Survivalist Path - Unprotected but Dangerous": {
    "pageId": 0,
    "revisionId": 0,
    "timestamp": "2025-12-04T06:29:33.897337Z",
    "cachedAt": "2025-12-04T06:29:33.8973372Z"
  },
  "The Survivalist Path - Thrifty": {
    "pageId": 0,
    "revisionId": 0,
    "timestamp": "2025-12-04T06:29:33.898857Z",
    "cachedAt": "2025-12-04T06:29:33.8988571Z"
  },
  "The Survivalist Path - Zhivchik": {
    "pageId": 0,
    "revisionId": 0,
    "timestamp": "2025-12-04T06:29:33.8998561Z",
    "cachedAt": "2025-12-04T06:29:33.8998562Z"
  },
  "The Survivalist Path - Wounded Beast": {
    "pageId": 0,
    "revisionId": 0,
    "timestamp": "2025-12-04T06:29:33.9011536Z",
    "cachedAt": "2025-12-04T06:29:33.9011539Z"
  },
  "The Survivalist Path - Tough Guy": {
    "pageId": 0,
    "revisionId": 0,
    "timestamp": "2025-12-04T06:29:33.9024455Z",
    "cachedAt": "2025-12-04T06:29:33.9024458Z"
  },
  "Courtesy Visit": {
    "pageId": 0,
    "revisionId": 0,
    "timestamp": "2025-12-04T06:29:33.9034805Z",
    "cachedAt": "2025-12-04T06:29:33.9034807Z"
  },
  "Nostalgia": {
    "pageId": 0,
    "revisionId": 0,
    "timestamp": "2025-12-04T06:29:33.9044923Z",
    "cachedAt": "2025-12-04T06:29:33.9044926Z"
  },
  "The Survivalist Path - Cold Blooded": {
    "pageId": 0,
    "revisionId": 0,
    "timestamp": "2025-12-04T06:29:33.9055866Z",
    "cachedAt": "2025-12-04T06:29:33.9055869Z"
  },
  "The Survivalist Path - Junkie": {
    "pageId": 0,
    "revisionId": 0,
    "timestamp": "2025-12-04T06:29:33.9071921Z",
    "cachedAt": "2025-12-04T06:29:33.9071927Z"
  },
  "The Survivalist Path - Eagle-Owl": {
    "pageId": 0,
    "revisionId": 0,
    "timestamp": "2025-12-04T06:29:33.9084013Z",
    "cachedAt": "2025-12-04T06:29:33.9084016Z"
  },
  "The Survivalist Path - Combat Medic": {
    "pageId": 0,
    "revisionId": 0,
    "timestamp": "2025-12-04T06:29:33.9093804Z",
    "cachedAt": "2025-12-04T06:29:33.9093805Z"
  },
  "Ambulance": {
    "pageId": 0,
    "revisionId": 0,
    "timestamp": "2025-12-04T06:29:33.9105695Z",
    "cachedAt": "2025-12-04T06:29:33.9105697Z"
  },
  "The Huntsman Path - Secured Perimeter": {
    "pageId": 0,
    "revisionId": 0,
    "timestamp": "2025-12-04T06:29:33.9117189Z",
    "cachedAt": "2025-12-04T06:29:33.911719Z"
  },
  "The Huntsman Path - Crooked Cop": {
    "pageId": 0,
    "revisionId": 0,
    "timestamp": "2025-12-04T06:29:33.9128977Z",
    "cachedAt": "2025-12-04T06:29:33.9128978Z"
  },
  "Reserve": {
    "pageId": 0,
    "revisionId": 0,
    "timestamp": "2025-12-04T06:29:33.9139671Z",
    "cachedAt": "2025-12-04T06:29:33.9139672Z"
  },
  "The Huntsman Path - Forest Cleaning": {
    "pageId": 0,
    "revisionId": 0,
    "timestamp": "2025-12-04T06:29:33.9149374Z",
    "cachedAt": "2025-12-04T06:29:33.9149377Z"
  },
  "The Huntsman Path - Controller": {
    "pageId": 0,
    "revisionId": 0,
    "timestamp": "2025-12-04T06:29:33.9161824Z",
    "cachedAt": "2025-12-04T06:29:33.9161825Z"
  },
  "The Huntsman Path - Evil Watchman": {
    "pageId": 0,
    "revisionId": 0,
    "timestamp": "2025-12-04T06:29:33.9175817Z",
    "cachedAt": "2025-12-04T06:29:33.9175818Z"
  },
  "Fishing Place": {
    "pageId": 0,
    "revisionId": 0,
    "timestamp": "2025-12-04T06:29:33.918683Z",
    "cachedAt": "2025-12-04T06:29:33.9186831Z"
  },
  "The Huntsman Path - Trophy": {
    "pageId": 0,
    "revisionId": 0,
    "timestamp": "2025-12-04T06:29:33.9198593Z",
    "cachedAt": "2025-12-04T06:29:33.9198594Z"
  },
  "The Huntsman Path - Justice": {
    "pageId": 0,
    "revisionId": 0,
    "timestamp": "2025-12-04T06:29:33.9209981Z",
    "cachedAt": "2025-12-04T06:29:33.9209982Z"
  },
  "The Huntsman Path - Sellout": {
    "pageId": 0,
    "revisionId": 0,
    "timestamp": "2025-12-04T06:29:33.9220428Z",
    "cachedAt": "2025-12-04T06:29:33.9220429Z"
  },
  "The Huntsman Path - Woods Keeper": {
    "pageId": 0,
    "revisionId": 0,
    "timestamp": "2025-12-04T06:29:33.9230787Z",
    "cachedAt": "2025-12-04T06:29:33.9230788Z"
  },
  "Hunting Trip": {
    "pageId": 0,
    "revisionId": 0,
    "timestamp": "2025-12-04T06:29:33.924248Z",
    "cachedAt": "2025-12-04T06:29:33.9242481Z"
  },
  "The Huntsman Path - Factory Chief": {
    "pageId": 0,
    "revisionId": 0,
    "timestamp": "2025-12-04T06:29:33.9253152Z",
    "cachedAt": "2025-12-04T06:29:33.9253153Z"
  },
  "The Huntsman Path - Eraser - Part 1": {
    "pageId": 0,
    "revisionId": 0,
    "timestamp": "2025-12-04T06:29:33.9264777Z",
    "cachedAt": "2025-12-04T06:29:33.9264778Z"
  },
  "The Huntsman Path - Eraser - Part 2": {
    "pageId": 0,
    "revisionId": 0,
    "timestamp": "2025-12-04T06:29:33.9275861Z",
    "cachedAt": "2025-12-04T06:29:33.9275862Z"
  },
  "The Tarkov Shooter - Part 1": {
    "pageId": 0,
    "revisionId": 0,
    "timestamp": "2025-12-04T06:29:33.928769Z",
    "cachedAt": "2025-12-04T06:29:33.9287692Z"
  },
  "The Tarkov Shooter - Part 2": {
    "pageId": 0,
    "revisionId": 0,
    "timestamp": "2025-12-04T06:29:33.9297795Z",
    "cachedAt": "2025-12-04T06:29:33.9297796Z"
  },
  "The Tarkov Shooter - Part 3": {
    "pageId": 0,
    "revisionId": 0,
    "timestamp": "2025-12-04T06:29:33.9311393Z",
    "cachedAt": "2025-12-04T06:29:33.9311395Z"
  },
  "The Tarkov Shooter - Part 4": {
    "pageId": 0,
    "revisionId": 0,
    "timestamp": "2025-12-04T06:29:33.9325467Z",
    "cachedAt": "2025-12-04T06:29:33.9325469Z"
  },
  "The Tarkov Shooter - Part 5": {
    "pageId": 0,
    "revisionId": 0,
    "timestamp": "2025-12-04T06:29:33.9338632Z",
    "cachedAt": "2025-12-04T06:29:33.9338634Z"
  },
  "The Tarkov Shooter - Part 6": {
    "pageId": 0,
    "revisionId": 0,
    "timestamp": "2025-12-04T06:29:33.9349266Z",
    "cachedAt": "2025-12-04T06:29:33.9349267Z"
  },
  "The Tarkov Shooter - Part 7": {
    "pageId": 0,
    "revisionId": 0,
    "timestamp": "2025-12-04T06:29:33.9360841Z",
    "cachedAt": "2025-12-04T06:29:33.9360842Z"
  },
  "The Tarkov Shooter - Part 8": {
    "pageId": 0,
    "revisionId": 0,
    "timestamp": "2025-12-04T06:29:33.9370789Z",
    "cachedAt": "2025-12-04T06:29:33.937079Z"
  },
  "Shady Business": {
    "pageId": 0,
    "revisionId": 0,
    "timestamp": "2025-12-04T06:29:33.9380204Z",
    "cachedAt": "2025-12-04T06:29:33.9380206Z"
  },
  "The Huntsman Path - Sadist": {
    "pageId": 0,
    "revisionId": 0,
    "timestamp": "2025-12-04T06:29:33.9390633Z",
    "cachedAt": "2025-12-04T06:29:33.9390634Z"
  },
  "Hunter": {
    "pageId": 0,
    "revisionId": 0,
    "timestamp": "2025-12-04T06:29:33.9404243Z",
    "cachedAt": "2025-12-04T06:29:33.9404244Z"
  },
  "Pest Control": {
    "pageId": 0,
    "revisionId": 0,
    "timestamp": "2025-12-04T06:29:33.9414704Z",
    "cachedAt": "2025-12-04T06:29:33.9414706Z"
  },
  "Swift One": {
    "pageId": 0,
    "revisionId": 0,
    "timestamp": "2025-12-04T06:29:33.9422693Z",
    "cachedAt": "2025-12-04T06:29:33.9422694Z"
  },
  "The Huntsman Path - Relentless": {
    "pageId": 0,
    "revisionId": 0,
    "timestamp": "2025-12-04T06:29:33.9431083Z",
    "cachedAt": "2025-12-04T06:29:33.9431084Z"
  },
  "The Hermit": {
    "pageId": 0,
    "revisionId": 0,
    "timestamp": "2025-12-04T06:29:33.9441271Z",
    "cachedAt": "2025-12-04T06:29:33.9441272Z"
  },
  "The Huntsman Path - Outcasts": {
    "pageId": 0,
    "revisionId": 0,
    "timestamp": "2025-12-04T06:29:33.944999Z",
    "cachedAt": "2025-12-04T06:29:33.9449991Z"
  },
  "Stray Dogs": {
    "pageId": 0,
    "revisionId": 0,
    "timestamp": "2025-12-04T06:29:33.9465017Z",
    "cachedAt": "2025-12-04T06:29:33.9465018Z"
  },
  "The Delicious Sausage": {
    "pageId": 0,
    "revisionId": 0,
    "timestamp": "2025-12-04T06:29:33.9476625Z",
    "cachedAt": "2025-12-04T06:29:33.9476626Z"
  },
  "Cease Fire!": {
    "pageId": 0,
    "revisionId": 0,
    "timestamp": "2025-12-04T06:29:33.9486095Z",
    "cachedAt": "2025-12-04T06:29:33.9486096Z"
  },
  "Slaughterhouse": {
    "pageId": 0,
    "revisionId": 0,
    "timestamp": "2025-12-04T06:29:33.9493788Z",
    "cachedAt": "2025-12-04T06:29:33.9493789Z"
  },
  "Broadcast - Part 3": {
    "pageId": 0,
    "revisionId": 0,
    "timestamp": "2025-12-04T06:29:33.9502087Z",
    "cachedAt": "2025-12-04T06:29:33.9502089Z"
  },
  "Broadcast - Part 4": {
    "pageId": 0,
    "revisionId": 0,
    "timestamp": "2025-12-04T06:29:33.951166Z",
    "cachedAt": "2025-12-04T06:29:33.9511661Z"
  },
  "The Huntsman Path - Administrator": {
    "pageId": 0,
    "revisionId": 0,
    "timestamp": "2025-12-04T06:29:33.952073Z",
    "cachedAt": "2025-12-04T06:29:33.9520731Z"
  },
  "The Huntsman Path - Big Game": {
    "pageId": 0,
    "revisionId": 0,
    "timestamp": "2025-12-04T06:29:33.953428Z",
    "cachedAt": "2025-12-04T06:29:33.9534283Z"
  },
  "Broadcast - Part 5": {
    "pageId": 0,
    "revisionId": 0,
    "timestamp": "2025-12-04T06:29:33.9547017Z",
    "cachedAt": "2025-12-04T06:29:33.9547019Z"
  },
  "Every Hunter Knows This": {
    "pageId": 0,
    "revisionId": 0,
    "timestamp": "2025-12-04T06:29:33.9559894Z",
    "cachedAt": "2025-12-04T06:29:33.9559895Z"
  },
  "Rough Tarkov": {
    "pageId": 0,
    "revisionId": 0,
    "timestamp": "2025-12-04T06:29:33.956927Z",
    "cachedAt": "2025-12-04T06:29:33.9569271Z"
  },
  "Dragnet": {
    "pageId": 0,
    "revisionId": 0,
    "timestamp": "2025-12-04T06:29:33.9579387Z",
    "cachedAt": "2025-12-04T06:29:33.9579389Z"
  },
  "Claustrophobia": {
    "pageId": 0,
    "revisionId": 0,
    "timestamp": "2025-12-04T06:29:33.958852Z",
    "cachedAt": "2025-12-04T06:29:33.9588521Z"
  },
  "Thirsty - Hounds": {
    "pageId": 0,
    "revisionId": 0,
    "timestamp": "2025-12-04T06:29:33.9598857Z",
    "cachedAt": "2025-12-04T06:29:33.9598859Z"
  },
  "Forester's Duty": {
    "pageId": 0,
    "revisionId": 0,
    "timestamp": "2025-12-04T06:29:33.9608179Z",
    "cachedAt": "2025-12-04T06:29:33.960818Z"
  },
  "Work Smarter": {
    "pageId": 0,
    "revisionId": 0,
    "timestamp": "2025-12-04T06:29:33.9618979Z",
    "cachedAt": "2025-12-04T06:29:33.961898Z"
  },
  "Rite of Passage": {
    "pageId": 0,
    "revisionId": 0,
    "timestamp": "2025-12-04T06:29:33.9629014Z",
    "cachedAt": "2025-12-04T06:29:33.9629015Z"
  },
  "Easy Money - Part 2": {
    "pageId": 0,
    "revisionId": 0,
    "timestamp": "2025-12-04T06:29:33.9638352Z",
    "cachedAt": "2025-12-04T06:29:33.9638354Z"
  },
  "Provide Viewership": {
    "pageId": 0,
    "revisionId": 0,
    "timestamp": "2025-12-04T06:29:33.9647208Z",
    "cachedAt": "2025-12-04T06:29:33.9647209Z"
  },
  "Balancing - Part 1": {
    "pageId": 0,
    "revisionId": 0,
    "timestamp": "2025-12-04T06:29:33.9656825Z",
    "cachedAt": "2025-12-04T06:29:33.9656825Z"
  },
  "Balancing - Part 2": {
    "pageId": 0,
    "revisionId": 0,
    "timestamp": "2025-12-04T06:29:33.9664708Z",
    "cachedAt": "2025-12-04T06:29:33.966471Z"
  },
  "Surprise": {
    "pageId": 0,
    "revisionId": 0,
    "timestamp": "2025-12-04T06:29:33.9673902Z",
    "cachedAt": "2025-12-04T06:29:33.9673903Z"
  },
  "Create a Distraction - Part 1": {
    "pageId": 0,
    "revisionId": 0,
    "timestamp": "2025-12-04T06:29:33.968189Z",
    "cachedAt": "2025-12-04T06:29:33.9681891Z"
  },
  "Create a Distraction - Part 2": {
    "pageId": 0,
    "revisionId": 0,
    "timestamp": "2025-12-04T06:29:33.9693297Z",
    "cachedAt": "2025-12-04T06:29:33.9693298Z"
  },
  "To Great Heights! - Part 1": {
    "pageId": 0,
    "revisionId": 0,
    "timestamp": "2025-12-04T06:29:33.9702644Z",
    "cachedAt": "2025-12-04T06:29:33.9702645Z"
  },
  "To Great Heights! - Part 2": {
    "pageId": 0,
    "revisionId": 0,
    "timestamp": "2025-12-04T06:29:33.9713466Z",
    "cachedAt": "2025-12-04T06:29:33.9713467Z"
  },
  "To Great Heights! - Part 3": {
    "pageId": 0,
    "revisionId": 0,
    "timestamp": "2025-12-04T06:29:33.972579Z",
    "cachedAt": "2025-12-04T06:29:33.9725792Z"
  },
  "To Great Heights! - Part 4": {
    "pageId": 0,
    "revisionId": 0,
    "timestamp": "2025-12-04T06:29:33.9739748Z",
    "cachedAt": "2025-12-04T06:29:33.9739749Z"
  },
  "To Great Heights! - Part 5": {
    "pageId": 0,
    "revisionId": 0,
    "timestamp": "2025-12-04T06:29:33.9755746Z",
    "cachedAt": "2025-12-04T06:29:33.9755747Z"
  },
  "Against the Conscience - Part 1": {
    "pageId": 0,
    "revisionId": 0,
    "timestamp": "2025-12-04T06:29:33.9764758Z",
    "cachedAt": "2025-12-04T06:29:33.9764759Z"
  },
  "Against the Conscience - Part 2": {
    "pageId": 0,
    "revisionId": 0,
    "timestamp": "2025-12-04T06:29:33.9774629Z",
    "cachedAt": "2025-12-04T06:29:33.977463Z"
  },
  "Decisions, Decisions": {
    "pageId": 0,
    "revisionId": 0,
    "timestamp": "2025-12-04T06:29:33.9784075Z",
    "cachedAt": "2025-12-04T06:29:33.9784076Z"
  },
  "Postponed Reward": {
    "pageId": 0,
    "revisionId": 0,
    "timestamp": "2025-12-04T06:29:33.9793459Z",
    "cachedAt": "2025-12-04T06:29:33.979346Z"
  },
  "Information Source": {
    "pageId": 0,
    "revisionId": 0,
    "timestamp": "2025-12-04T06:29:33.9801171Z",
    "cachedAt": "2025-12-04T06:29:33.9801172Z"
  },
  "Missing Informant": {
    "pageId": 0,
    "revisionId": 0,
    "timestamp": "2025-12-04T06:29:33.9808144Z",
    "cachedAt": "2025-12-04T06:29:33.9808145Z"
  },
  "Snatch": {
    "pageId": 0,
    "revisionId": 0,
    "timestamp": "2025-12-04T06:29:33.9816308Z",
    "cachedAt": "2025-12-04T06:29:33.981631Z"
  },
  "Return the Favor": {
    "pageId": 0,
    "revisionId": 0,
    "timestamp": "2025-12-04T06:29:33.9827016Z",
    "cachedAt": "2025-12-04T06:29:33.9827018Z"
  },
  "Payback": {
    "pageId": 0,
    "revisionId": 0,
    "timestamp": "2025-12-04T06:29:33.9836975Z",
    "cachedAt": "2025-12-04T06:29:33.9836977Z"
  },
  "Provocation": {
    "pageId": 0,
    "revisionId": 0,
    "timestamp": "2025-12-04T06:29:33.9845574Z",
    "cachedAt": "2025-12-04T06:29:33.9845575Z"
  },
  "Following the Bread Crumbs": {
    "pageId": 0,
    "revisionId": 0,
    "timestamp": "2025-12-04T06:29:33.9854297Z",
    "cachedAt": "2025-12-04T06:29:33.9854298Z"
  },
  "Spotter": {
    "pageId": 0,
    "revisionId": 0,
    "timestamp": "2025-12-04T06:29:33.9866206Z",
    "cachedAt": "2025-12-04T06:29:33.9866207Z"
  },
  "Make an Impression": {
    "pageId": 0,
    "revisionId": 0,
    "timestamp": "2025-12-04T06:29:33.9876027Z",
    "cachedAt": "2025-12-04T06:29:33.9876028Z"
  },
  "Trouble in the Big City": {
    "pageId": 0,
    "revisionId": 0,
    "timestamp": "2025-12-04T06:29:33.9883806Z",
    "cachedAt": "2025-12-04T06:29:33.9883807Z"
  },
  "Simple Side Job": {
    "pageId": 0,
    "revisionId": 0,
    "timestamp": "2025-12-04T06:29:33.9893167Z",
    "cachedAt": "2025-12-04T06:29:33.9893169Z"
  },
  "Order From Outside": {
    "pageId": 0,
    "revisionId": 0,
    "timestamp": "2025-12-04T06:29:33.9902376Z",
    "cachedAt": "2025-12-04T06:29:33.9902377Z"
  },
  "Keeper's Word": {
    "pageId": 0,
    "revisionId": 0,
    "timestamp": "2025-12-04T06:29:33.990938Z",
    "cachedAt": "2025-12-04T06:29:33.9909381Z"
  },
  "Surprise Gift": {
    "pageId": 0,
    "revisionId": 0,
    "timestamp": "2025-12-04T06:29:33.9918845Z",
    "cachedAt": "2025-12-04T06:29:33.9918847Z"
  },
  "Shipping Delay - Part 2": {
    "pageId": 0,
    "revisionId": 0,
    "timestamp": "2025-12-04T06:29:33.9925529Z",
    "cachedAt": "2025-12-04T06:29:33.992553Z"
  },
  "Hot Wheels": {
    "pageId": 0,
    "revisionId": 0,
    "timestamp": "2025-12-04T06:29:33.9936928Z",
    "cachedAt": "2025-12-04T06:29:33.9936929Z"
  },
  "Hot Wheels - Let's Try Again": {
    "pageId": 0,
    "revisionId": 0,
    "timestamp": "2025-12-04T06:29:33.9948134Z",
    "cachedAt": "2025-12-04T06:29:33.9948135Z"
  },
  "Swift Retribution": {
    "pageId": 0,
    "revisionId": 0,
    "timestamp": "2025-12-04T06:29:33.9961325Z",
    "cachedAt": "2025-12-04T06:29:33.9961326Z"
  },
  "Inevitable Response": {
    "pageId": 0,
    "revisionId": 0,
    "timestamp": "2025-12-04T06:29:33.9969544Z",
    "cachedAt": "2025-12-04T06:29:33.9969545Z"
  },
  "Building Foundations": {
    "pageId": 0,
    "revisionId": 0,
    "timestamp": "2025-12-04T06:29:33.9977312Z",
    "cachedAt": "2025-12-04T06:29:33.9977313Z"
  },
  "Natural Exchange": {
    "pageId": 0,
    "revisionId": 0,
    "timestamp": "2025-12-04T06:29:33.9984668Z",
    "cachedAt": "2025-12-04T06:29:33.9984669Z"
  },
  "Ask for Directions": {
    "pageId": 0,
    "revisionId": 0,
    "timestamp": "2025-12-04T06:29:33.9993373Z",
    "cachedAt": "2025-12-04T06:29:33.9993374Z"
  },
  "Battery Change": {
    "pageId": 0,
    "revisionId": 0,
    "timestamp": "2025-12-04T06:29:34.0001156Z",
    "cachedAt": "2025-12-04T06:29:34.0001157Z"
  },
  "Protect the Sky": {
    "pageId": 0,
    "revisionId": 0,
    "timestamp": "2025-12-04T06:29:34.0009501Z",
    "cachedAt": "2025-12-04T06:29:34.0009502Z"
  },
  "Discombobulate": {
    "pageId": 0,
    "revisionId": 0,
    "timestamp": "2025-12-04T06:29:34.0020259Z",
    "cachedAt": "2025-12-04T06:29:34.002026Z"
  },
  "The Price of Independence": {
    "pageId": 0,
    "revisionId": 0,
    "timestamp": "2025-12-04T06:29:34.0032604Z",
    "cachedAt": "2025-12-04T06:29:34.0032605Z"
  },
  "Sensory Analysis - Part 2": {
    "pageId": 0,
    "revisionId": 0,
    "timestamp": "2025-12-04T06:29:34.0042459Z",
    "cachedAt": "2025-12-04T06:29:34.004246Z"
  }
}