{
  "screenshotFolderPath": "C:\\Users\\duct1\\OneDrive\\\uBB38\uC11C",
  "fileNamePattern": "\\d{4}-\\d{2}-\\d{2}\\d{2}-\\d{2}_(?\u003Cx\u003E-?\\d\u002B\\.?\\d*)_(?\u003Cy\u003E-?\\d\u002B\\.?\\d*)_(?\u003Cz\u003E-?\\d\u002B\\.?\\d*)_(?\u003Cqx\u003E-?\\d\u002B\\.?\\d*)_(?\u003Cqy\u003E-?\\d\u002B\\.?\\d*)_(?\u003Cqz\u003E-?\\d\u002B\\.?\\d*)_(?\u003Cqw\u003E-?\\d\u002B\\.?\\d*)_",
  "debounceDelayMs": 500,
  "maps": [
    {
      "key": "Woods",
      "displayName": "Woods",
      "imagePath": "Assets/Maps/Woods_tarkovdev.svg",
      "worldMinX": 0,
      "worldMaxX": 0,
      "worldMinY": 0,
      "worldMaxY": 0,
      "imageWidth": 1402,
      "imageHeight": 1421,
      "invertY": true,
      "invertX": false,
      "offsetX": 0,
      "offsetY": 0,
      "aliases": [
        "woods",
        "WOODS"
      ],
      "transform": [
        0.1855,
        113.1,
        0.1855,
        167.8
      ],
      "coordinateRotation": 180,
      "svgBounds": [
        [
          650,
          -945
        ],
        [
          -695,
          470
        ]
      ]
    },
    {
      "key": "Customs",
      "displayName": "Customs",
      "imagePath": "Assets/Maps/Customs_tarkovdev.svg",
      "worldMinX": 0,
      "worldMaxX": 0,
      "worldMinY": 0,
      "worldMaxY": 0,
      "imageWidth": 1062,
      "imageHeight": 535,
      "invertY": true,
      "invertX": false,
      "offsetX": 0,
      "offsetY": 0,
      "aliases": [
        "customs",
        "CUSTOMS",
        "bigmap"
      ],
      "transform": [
        0.239,
        168.65,
        0.239,
        136.35
      ],
      "coordinateRotation": 180,
      "svgBounds": [
        [
          698,
          -307
        ],
        [
          -372,
          237
        ]
      ]
    },
    {
      "key": "Shoreline",
      "displayName": "Shoreline",
      "imagePath": "Assets/Maps/Shoreline_tarkovdev.svg",
      "worldMinX": 0,
      "worldMaxX": 0,
      "worldMinY": 0,
      "worldMaxY": 0,
      "imageWidth": 1560,
      "imageHeight": 1032,
      "invertY": true,
      "invertX": false,
      "offsetX": 0,
      "offsetY": 0,
      "aliases": [
        "shoreline",
        "SHORELINE"
      ],
      "transform": [
        0.16,
        83.2,
        0.16,
        111.1
      ],
      "coordinateRotation": 180,
      "svgBounds": [
        [
          508,
          -415
        ],
        [
          -1060,
          618
        ]
      ]
    },
    {
      "key": "Interchange",
      "displayName": "Interchange",
      "imagePath": "Assets/Maps/Interchange_tarkovdev.svg",
      "worldMinX": 0,
      "worldMaxX": 0,
      "worldMinY": 0,
      "worldMaxY": 0,
      "imageWidth": 977,
      "imageHeight": 977,
      "invertY": true,
      "invertX": false,
      "offsetX": 0,
      "offsetY": 0,
      "aliases": [
        "interchange",
        "INTERCHANGE"
      ],
      "transform": [
        0.265,
        150.6,
        0.265,
        134.6
      ],
      "coordinateRotation": 180,
      "svgBounds": [
        [
          532.75,
          -442.75
        ],
        [
          -364,
          453.5
        ]
      ]
    },
    {
      "key": "Reserve",
      "displayName": "Reserve",
      "imagePath": "Assets/Maps/Reserve_tarkovdev.svg",
      "worldMinX": 0,
      "worldMaxX": 0,
      "worldMinY": 0,
      "worldMaxY": 0,
      "imageWidth": 827,
      "imageHeight": 761,
      "invertY": true,
      "invertX": false,
      "offsetX": 0,
      "offsetY": 0,
      "aliases": [
        "reserve",
        "RESERVE",
        "RezervBase"
      ],
      "transform": [
        0.395,
        122,
        0.395,
        137.65
      ],
      "coordinateRotation": 180,
      "svgBounds": [
        [
          289,
          -338
        ],
        [
          -303,
          336
        ]
      ]
    },
    {
      "key": "Lighthouse",
      "displayName": "Lighthouse",
      "imagePath": "Assets/Maps/Lighthouse_tarkovdev.svg",
      "worldMinX": 0,
      "worldMaxX": 0,
      "worldMinY": 0,
      "worldMaxY": 0,
      "imageWidth": 1059,
      "imageHeight": 1723,
      "invertY": true,
      "invertX": false,
      "offsetX": 0,
      "offsetY": 0,
      "aliases": [
        "lighthouse",
        "LIGHTHOUSE"
      ],
      "transform": [
        0.2,
        0,
        0.2,
        0
      ],
      "coordinateRotation": 180,
      "svgBounds": [
        [
          515,
          -998
        ],
        [
          -545,
          725
        ]
      ]
    },
    {
      "key": "StreetsOfTarkov",
      "displayName": "Streets of Tarkov",
      "imagePath": "Assets/Maps/StreetsOfTarkov_tarkovdev.svg",
      "worldMinX": 0,
      "worldMaxX": 0,
      "worldMinY": 0,
      "worldMaxY": 0,
      "imageWidth": 605,
      "imageHeight": 832,
      "invertY": true,
      "invertX": false,
      "offsetX": 0,
      "offsetY": 0,
      "aliases": [
        "streets",
        "STREETS",
        "TarkovStreets"
      ],
      "transform": [
        0.38,
        0,
        0.38,
        0
      ],
      "coordinateRotation": 180,
      "svgBounds": [
        [
          323,
          -317
        ],
        [
          -280,
          554
        ]
      ]
    },
    {
      "key": "Factory",
      "displayName": "Factory",
      "imagePath": "Assets/Maps/Factory_tarkovdev.svg",
      "worldMinX": 0,
      "worldMaxX": 0,
      "worldMinY": 0,
      "worldMaxY": 0,
      "imageWidth": 131,
      "imageHeight": 141,
      "invertY": true,
      "invertX": false,
      "offsetX": 0,
      "offsetY": 0,
      "aliases": [
        "factory",
        "FACTORY",
        "factory4_day",
        "factory4_night"
      ],
      "transform": [
        1.629,
        119.9,
        1.629,
        139.3
      ],
      "coordinateRotation": 90,
      "svgBounds": [
        [
          79,
          -64.5
        ],
        [
          -66.5,
          67.4
        ]
      ]
    },
    {
      "key": "GroundZero",
      "displayName": "Ground Zero",
      "imagePath": "Assets/Maps/GroundZero_tarkovdev.svg",
      "worldMinX": 0,
      "worldMaxX": 0,
      "worldMinY": 0,
      "worldMaxY": 0,
      "imageWidth": 349,
      "imageHeight": 488,
      "invertY": true,
      "invertX": false,
      "offsetX": 0,
      "offsetY": 0,
      "aliases": [
        "groundzero",
        "GROUNDZERO",
        "Sandbox",
        "sandbox"
      ],
      "transform": [
        0.524,
        167.3,
        0.524,
        65.1
      ],
      "coordinateRotation": 180,
      "svgBounds": [
        [
          249,
          -124
        ],
        [
          -99,
          364
        ]
      ]
    },
    {
      "key": "Labs",
      "displayName": "The Lab",
      "imagePath": "Assets/Maps/Labs_tarkovdev.svg",
      "worldMinX": 0,
      "worldMaxX": 0,
      "worldMinY": 0,
      "worldMaxY": 0,
      "imageWidth": 720,
      "imageHeight": 586,
      "invertY": true,
      "invertX": false,
      "offsetX": 0,
      "offsetY": 0,
      "aliases": [
        "labs",
        "LABS",
        "laboratory"
      ],
      "transform": [
        0.575,
        281.2,
        0.575,
        193.7
      ],
      "coordinateRotation": 270,
      "svgBounds": [
        [
          -80,
          -477
        ],
        [
          -287,
          -193
        ]
      ]
    }
  ],
  "markerSize": 16,
  "markerColor": "#FFFF5722",
  "showDirection": true,
  "showTrail": true,
  "maxTrailPoints": 50
}