﻿[
  {
    "id": "55f2d3fd4bdc2d5f408b4567",
    "name": "Factory",
    "nameKo": "공장",
    "normalizedName": "factory",
    "wiki": "https://escapefromtarkov.fandom.com/wiki/Factory"
  },
  {
    "id": "56f40101d2720b2a4d8b45d6",
    "name": "Customs",
    "nameKo": "세관",
    "normalizedName": "customs",
    "wiki": "https://escapefromtarkov.fandom.com/wiki/Customs"
  },
  {
    "id": "5704e3c2d2720bac5b8b4567",
    "name": "Woods",
    "nameKo": "삼림",
    "normalizedName": "woods",
    "wiki": "https://escapefromtarkov.fandom.com/wiki/Woods"
  },
  {
    "id": "5704e4dad2720bb55b8b4567",
    "name": "Lighthouse",
    "nameKo": "등대",
    "normalizedName": "lighthouse",
    "wiki": "https://escapefromtarkov.fandom.com/wiki/Lighthouse"
  },
  {
    "id": "5704e554d2720bac5b8b456e",
    "name": "Shoreline",
    "nameKo": "해안가",
    "normalizedName": "shoreline",
    "wiki": "https://escapefromtarkov.fandom.com/wiki/Shoreline"
  },
  {
    "id": "5704e5fad2720bc05b8b4567",
    "name": "Reserve",
    "nameKo": "리저브",
    "normalizedName": "reserve",
    "wiki": "https://escapefromtarkov.fandom.com/wiki/Reserve"
  },
  {
    "id": "5714dbc024597771384a510d",
    "name": "Interchange",
    "nameKo": "인터체인지",
    "normalizedName": "interchange",
    "wiki": "https://escapefromtarkov.fandom.com/wiki/Interchange"
  },
  {
    "id": "5714dc692459777137212e12",
    "name": "Streets of Tarkov",
    "nameKo": "타르코프 시내",
    "normalizedName": "streets-of-tarkov",
    "wiki": "https://escapefromtarkov.fandom.com/wiki/Streets_of_Tarkov"
  },
  {
    "id": "59fc81d786f774390775787e",
    "name": "Night Factory",
    "nameKo": "야간 공장",
    "nameJa": "工場（夜）",
    "normalizedName": "night-factory",
    "wiki": "https://escapefromtarkov.fandom.com/wiki/Factory"
  },
  {
    "id": "5b0fc42d86f7744a585f9105",
    "name": "The Lab",
    "nameKo": "연구소",
    "normalizedName": "the-lab",
    "wiki": "https://escapefromtarkov.fandom.com/wiki/The_Lab"
  },
  {
    "id": "653e6760052c01c1c805532f",
    "name": "Ground Zero",
    "nameKo": "그라운드 제로",
    "normalizedName": "ground-zero",
    "wiki": "https://escapefromtarkov.fandom.com/wiki/Ground_Zero"
  },
  {
    "id": "65b8d6f5cdde2479cb2a3125",
    "name": "Ground Zero 21+",
    "nameKo": "그라운드 제로 21+",
    "normalizedName": "ground-zero-21",
    "wiki": "https://escapefromtarkov.fandom.com/wiki/Ground_Zero"
  },
  {
    "id": "6733700029c367a3d40b02af",
    "name": "The Labyrinth",
    "normalizedName": "the-labyrinth",
    "wiki": "https://escapefromtarkov.fandom.com/wiki/The_Labyrinth"
  },
  {
    "id": "68236e8153654e8c1200798a",
    "name": "Ground Zero Tutorial",
    "nameKo": "Ground Zero 튜토리얼",
    "nameJa": "Ground Zero チュートリアル",
    "normalizedName": "ground-zero-tutorial",
    "wiki": "https://escapefromtarkov.fandom.com/wiki/Ground_Zero"
  }
]