{
  "Reserve": {
    "mapKey": "Reserve",
    "calibrations": [
      {
        "id": "6840711071516aad97bd9156_quest_ak-50_01_mech_place_01",
        "objectiveId": "6840711071516aad97bd9156",
        "locationId": "quest_ak-50_01_mech_place_01",
        "mapKey": "Reserve",
        "originalApi": {
          "x": 45.46988,
          "y": -2.78922272,
          "z": -117.468094
        },
        "calculatedScreen": {
          "x": 340.2017047972973,
          "y": 248.99819060237394
        },
        "calibratedScreen": {
          "x": 340.2017047972973,
          "y": 248.99819060237394
        },
        "offset": {
          "x": 0,
          "y": 0
        },
        "taskName": "Hobby Club",
        "description": "Locate Glukhar\u0027s workshop on Reserve",
        "calibratedAt": "2025-12-04T16:15:20.0661743+09:00"
      }
    ],
    "lastModified": "2025-12-04T16:15:20.0662862+09:00"
  }
}