﻿[
  {
    "id": "DMR",
    "name": "DMRs",
    "nameKo": "지정사수소총",
    "nameJa": "DMR",
    "normalizedName": "dmrs",
    "imageLink": "https://assets.tarkov.dev/skill-DMR-icon.webp"
  },
  {
    "id": "HMG",
    "name": "Heavy Machine Guns",
    "nameKo": "중기관총",
    "nameJa": "重機関銃",
    "normalizedName": "heavy-machine-guns",
    "imageLink": "https://assets.tarkov.dev/skill-HMG-icon.webp"
  },
  {
    "id": "LMG",
    "name": "Light Machine Guns",
    "nameKo": "경기관총",
    "nameJa": "軽機関銃",
    "normalizedName": "light-machine-guns",
    "imageLink": "https://assets.tarkov.dev/skill-LMG-icon.webp"
  },
  {
    "id": "SMG",
    "name": "Submachine Guns",
    "nameKo": "기관단총",
    "nameJa": "サブマシンガン",
    "normalizedName": "submachine-guns",
    "imageLink": "https://assets.tarkov.dev/skill-SMG-icon.webp"
  },
  {
    "id": "Melee",
    "name": "Melee",
    "nameKo": "근접무기",
    "nameJa": "近接",
    "normalizedName": "melee",
    "imageLink": "https://assets.tarkov.dev/skill-Melee-icon.webp"
  },
  {
    "id": "Health",
    "name": "Health",
    "nameKo": "체력",
    "nameJa": "体力",
    "normalizedName": "health",
    "imageLink": "https://assets.tarkov.dev/skill-Health-icon.webp"
  },
  {
    "id": "Pistol",
    "name": "Pistols",
    "nameKo": "권총",
    "nameJa": "ハンドガン",
    "normalizedName": "pistols",
    "imageLink": "https://assets.tarkov.dev/skill-Pistol-icon.webp"
  },
  {
    "id": "Search",
    "name": "Search",
    "nameKo": "확인",
    "nameJa": "サーチ",
    "normalizedName": "search",
    "imageLink": "https://assets.tarkov.dev/skill-Search-icon.webp"
  },
  {
    "id": "Sniper",
    "name": "Bolt-action Rifles",
    "nameKo": "볼트액션 소총",
    "nameJa": "スナイパーライフル",
    "normalizedName": "bolt-action-rifles",
    "imageLink": "https://assets.tarkov.dev/skill-Sniper-icon.webp"
  },
  {
    "id": "Assault",
    "name": "Assault Rifles",
    "nameKo": "돌격소총",
    "nameJa": "アサルトライフル",
    "normalizedName": "assault-rifles",
    "imageLink": "https://assets.tarkov.dev/skill-Assault-icon.webp"
  },
  {
    "id": "Shotgun",
    "name": "Shotguns",
    "nameKo": "산탄총",
    "nameJa": "ショットガン",
    "normalizedName": "shotguns",
    "imageLink": "https://assets.tarkov.dev/skill-Shotgun-icon.webp"
  },
  {
    "id": "Surgery",
    "name": "Surgery",
    "nameKo": "수술",
    "nameJa": "手術",
    "normalizedName": "surgery",
    "imageLink": "https://assets.tarkov.dev/skill-Surgery-icon.webp"
  },
  {
    "id": "Auctions",
    "name": "Auctions",
    "nameKo": "경매장",
    "nameJa": "オークション",
    "normalizedName": "auctions",
    "imageLink": "https://assets.tarkov.dev/skill-Auctions-icon.webp"
  },
  {
    "id": "Charisma",
    "name": "Charisma",
    "nameKo": "카리스마",
    "nameJa": "カリスマ",
    "normalizedName": "charisma",
    "imageLink": "https://assets.tarkov.dev/skill-Charisma-icon.webp"
  },
  {
    "id": "Crafting",
    "name": "Crafting",
    "nameKo": "제작",
    "nameJa": "クラフティング",
    "normalizedName": "crafting",
    "imageLink": "https://assets.tarkov.dev/skill-Crafting-icon.webp"
  },
  {
    "id": "FirstAid",
    "name": "First Aid",
    "nameKo": "응급 처치",
    "nameJa": "応急治療",
    "normalizedName": "first-aid",
    "imageLink": "https://assets.tarkov.dev/skill-FirstAid-icon.webp"
  },
  {
    "id": "Immunity",
    "name": "Immunity",
    "nameKo": "면역력",
    "nameJa": "免疫力",
    "normalizedName": "immunity",
    "imageLink": "https://assets.tarkov.dev/skill-Immunity-icon.webp"
  },
  {
    "id": "Launcher",
    "name": "Grenade Launchers",
    "nameKo": "로켓 발사기",
    "nameJa": "グレネードランチャー",
    "normalizedName": "grenade-launchers",
    "imageLink": "https://assets.tarkov.dev/skill-Launcher-icon.webp"
  },
  {
    "id": "NightOps",
    "name": "Night Ops",
    "nameKo": "야간 작전",
    "nameJa": "夜間作戦",
    "normalizedName": "night-ops",
    "imageLink": "https://assets.tarkov.dev/skill-NightOps-icon.webp"
  },
  {
    "id": "Revolver",
    "name": "Revolvers",
    "nameKo": "리볼버",
    "nameJa": "リボルバー",
    "normalizedName": "revolvers",
    "imageLink": "https://assets.tarkov.dev/skill-Revolver-icon.webp"
  },
  {
    "id": "Strength",
    "name": "Strength",
    "nameKo": "근력",
    "nameJa": "筋力",
    "normalizedName": "strength",
    "imageLink": "https://assets.tarkov.dev/skill-Strength-icon.webp"
  },
  {
    "id": "Throwing",
    "name": "Throwables",
    "nameKo": "투척무기",
    "nameJa": "投擲武器",
    "normalizedName": "throwables",
    "imageLink": "https://assets.tarkov.dev/skill-Throwing-icon.webp"
  },
  {
    "id": "Vitality",
    "name": "Vitality",
    "nameKo": "활력",
    "nameJa": "生命力",
    "normalizedName": "vitality",
    "imageLink": "https://assets.tarkov.dev/skill-Vitality-icon.webp"
  },
  {
    "id": "AimDrills",
    "name": "Aim Drills",
    "nameKo": "조준 훈련",
    "nameJa": "エイミング",
    "normalizedName": "aim-drills",
    "imageLink": "https://assets.tarkov.dev/skill-AimDrills-icon.webp"
  },
  {
    "id": "Attention",
    "name": "Attention",
    "nameKo": "주의력",
    "nameJa": "注意力",
    "normalizedName": "attention",
    "imageLink": "https://assets.tarkov.dev/skill-Attention-icon.webp"
  },
  {
    "id": "Endurance",
    "name": "Endurance",
    "nameKo": "지구력",
    "nameJa": "持久力",
    "normalizedName": "endurance",
    "imageLink": "https://assets.tarkov.dev/skill-Endurance-icon.webp"
  },
  {
    "id": "Intellect",
    "name": "Intellect",
    "nameKo": "지력",
    "nameJa": "知性",
    "normalizedName": "intellect",
    "imageLink": "https://assets.tarkov.dev/skill-Intellect-icon.webp"
  },
  {
    "id": "MagDrills",
    "name": "Mag Drills",
    "nameKo": "탄창 훈련",
    "nameJa": "マガジン装填",
    "normalizedName": "mag-drills",
    "imageLink": "https://assets.tarkov.dev/skill-MagDrills-icon.webp"
  },
  {
    "id": "SilentOps",
    "name": "Silent Ops",
    "nameKo": "은밀 작전",
    "nameJa": "隠密作戦",
    "normalizedName": "silent-ops",
    "imageLink": "https://assets.tarkov.dev/skill-SilentOps-icon.webp"
  },
  {
    "id": "HeavyVests",
    "name": "Heavy Vests",
    "nameKo": "중장갑",
    "nameJa": "ヘビーアーマー",
    "normalizedName": "heavy-vests",
    "imageLink": "https://assets.tarkov.dev/skill-HeavyVests-icon.webp"
  },
  {
    "id": "LightVests",
    "name": "Light Vests",
    "nameKo": "경장갑",
    "nameJa": "ライトアーマー",
    "normalizedName": "light-vests",
    "imageLink": "https://assets.tarkov.dev/skill-LightVests-icon.webp"
  },
  {
    "id": "Metabolism",
    "name": "Metabolism",
    "nameKo": "신진대사",
    "nameJa": "代謝",
    "normalizedName": "metabolism",
    "imageLink": "https://assets.tarkov.dev/skill-Metabolism-icon.webp"
  },
  {
    "id": "Perception",
    "name": "Perception",
    "nameKo": "인지능력",
    "nameJa": "知覚",
    "normalizedName": "perception",
    "imageLink": "https://assets.tarkov.dev/skill-Perception-icon.webp"
  },
  {
    "id": "Lockpicking",
    "name": "Lockpicking",
    "nameKo": "자물쇠 따기",
    "nameJa": "ピッキング中…",
    "normalizedName": "lockpicking",
    "imageLink": "https://assets.tarkov.dev/skill-Lockpicking-icon.webp"
  },
  {
    "id": "BearRawpower",
    "name": "BEAR Raw Power",
    "nameKo": "BEAR 원초적 힘",
    "nameJa": "BEAR ロウパワー",
    "normalizedName": "bear-raw-power",
    "imageLink": "https://assets.tarkov.dev/skill-BearRawpower-icon.webp"
  },
  {
    "id": "BearAksystems",
    "name": "BEAR AK Systems",
    "nameKo": "BEAR AK 시스템",
    "nameJa": "BEAR AK システム",
    "normalizedName": "bear-ak-systems",
    "imageLink": "https://assets.tarkov.dev/skill-BearAksystems-icon.webp"
  },
  {
    "id": "BearAuthority",
    "name": "BEAR Authority",
    "nameKo": "BEAR 지휘권",
    "nameJa": "Bear Authority",
    "normalizedName": "bear-authority",
    "imageLink": "https://assets.tarkov.dev/skill-BearAuthority-icon.webp"
  },
  {
    "id": "FieldMedicine",
    "name": "Field Medicine",
    "nameKo": "야전 의술",
    "nameJa": "戦場医術",
    "normalizedName": "field-medicine",
    "imageLink": "https://assets.tarkov.dev/skill-FieldMedicine-icon.webp"
  },
  {
    "id": "CovertMovement",
    "name": "Covert Movement",
    "nameKo": "은밀한 움직임",
    "nameJa": "隠密行動",
    "normalizedName": "covert-movement",
    "imageLink": "https://assets.tarkov.dev/skill-CovertMovement-icon.webp"
  },
  {
    "id": "Cleanoperations",
    "name": "Clean Operations",
    "nameKo": "소탕 작전",
    "nameJa": "掃討作戦",
    "normalizedName": "clean-operations",
    "imageLink": "https://assets.tarkov.dev/skill-Cleanoperations-icon.webp"
  },
  {
    "id": "Taskperformance",
    "name": "Task Performance",
    "nameKo": "임무 수행능력",
    "nameJa": "タスクパフォーマンス",
    "normalizedName": "task-performance",
    "imageLink": "https://assets.tarkov.dev/skill-Taskperformance-icon.webp"
  },
  {
    "id": "TroubleShooting",
    "name": "Troubleshooting",
    "nameKo": "문제 해결",
    "nameJa": "トラブルシューティング",
    "normalizedName": "troubleshooting",
    "imageLink": "https://assets.tarkov.dev/skill-TroubleShooting-icon.webp"
  },
  {
    "id": "WeaponTreatment",
    "name": "Weapon Maintenance",
    "nameKo": "무기 유지보수",
    "nameJa": "武器メンテナンス",
    "normalizedName": "weapon-maintenance",
    "imageLink": "https://assets.tarkov.dev/skill-WeaponTreatment-icon.webp"
  },
  {
    "id": "AttachedLauncher",
    "name": "Underbarrel Launchers",
    "nameKo": "총열 하부 발사기",
    "nameJa": "アンダーバレルランチャー",
    "normalizedName": "underbarrel-launchers",
    "imageLink": "https://assets.tarkov.dev/skill-AttachedLauncher-icon.webp"
  },
  {
    "id": "BearHeavycaliber",
    "name": "BEAR Heavy Caliber",
    "nameKo": "BEAR 중화기",
    "nameJa": "BEAR ヘビーキャリバー",
    "normalizedName": "bear-heavy-caliber",
    "imageLink": "https://assets.tarkov.dev/skill-BearHeavycaliber-icon.webp"
  },
  {
    "id": "StressResistance",
    "name": "Stress Resistance",
    "nameKo": "스트레스 저항력",
    "nameJa": "ストレス耐性",
    "normalizedName": "stress-resistance",
    "imageLink": "https://assets.tarkov.dev/skill-StressResistance-icon.webp"
  },
  {
    "id": "HideoutManagement",
    "name": "Hideout Management",
    "nameKo": "은신처 관리",
    "nameJa": "ハイドアウト管理",
    "normalizedName": "hideout-management",
    "imageLink": "https://assets.tarkov.dev/skill-HideoutManagement-icon.webp"
  },
  {
    "id": "Shadowconnections",
    "name": "Shadow Connections",
    "nameKo": "은밀한 연락책",
    "nameJa": "裏の人脈",
    "normalizedName": "shadow-connections",
    "imageLink": "https://assets.tarkov.dev/skill-Shadowconnections-icon.webp"
  },
  {
    "id": "BearAssaultoperations",
    "name": "BEAR Assault Operations",
    "nameKo": "BEAR 강습 작전",
    "nameJa": "BEAR アサルトオペレーション",
    "normalizedName": "bear-assault-operations",
    "imageLink": "https://assets.tarkov.dev/skill-BearAssaultoperations-icon.webp"
  }
]