﻿[
  {
    "id": "6863cf925eaeb676d50a9651",
    "name": "Friend from Norvinsk - Part 1",
    "nameWithoutPvp": "Friend from Norvinsk - Part 1",
    "trader": "Mechanic",
    "reason": "Wiki file not found: Friend from Norvinsk - Part 1.wiki"
  },
  {
    "id": "6863d9bcd3bfdcb2bc075956",
    "name": "Friend from Norvinsk - Part 2",
    "nameWithoutPvp": "Friend from Norvinsk - Part 2",
    "trader": "Mechanic",
    "reason": "Wiki file not found: Friend from Norvinsk - Part 2.wiki"
  },
  {
    "id": "6863e09a5f4d17fd3e01feee",
    "name": "Friend from Norvinsk - Part 3",
    "nameWithoutPvp": "Friend from Norvinsk - Part 3",
    "trader": "Mechanic",
    "reason": "Wiki file not found: Friend from Norvinsk - Part 3.wiki"
  },
  {
    "id": "686403eeb4aaef121c0f0f06",
    "name": "Friend from Norvinsk - Part 4",
    "nameWithoutPvp": "Friend from Norvinsk - Part 4",
    "trader": "Mechanic",
    "reason": "Wiki file not found: Friend from Norvinsk - Part 4.wiki"
  },
  {
    "id": "686404d348e7bb4146002cac",
    "name": "Friend from Norvinsk - Part 5",
    "nameWithoutPvp": "Friend from Norvinsk - Part 5",
    "trader": "Mechanic",
    "reason": "Wiki file not found: Friend from Norvinsk - Part 5.wiki"
  },
  {
    "id": "6864fcef9809a149400dd2ee",
    "name": "Breathing Room",
    "nameWithoutPvp": "Breathing Room",
    "trader": "Mechanic",
    "reason": "Wiki file not found: Breathing Room.wiki"
  },
  {
    "id": "67a0966817e34930e500754c",
    "name": "Forced Alliance",
    "nameWithoutPvp": "Forced Alliance",
    "trader": "Mechanic",
    "reason": "Wiki file not found: Forced Alliance.wiki"
  },
  {
    "id": "67a09673972c11a3f507731d",
    "name": "The Tarkov Butcher",
    "nameWithoutPvp": "The Tarkov Butcher",
    "trader": "Therapist",
    "reason": "Wiki file not found: The Tarkov Butcher.wiki"
  },
  {
    "id": "67a096f605d1611ed90be75a",
    "name": "Hot Zone",
    "nameWithoutPvp": "Hot Zone",
    "trader": "Ragman",
    "reason": "Wiki file not found: Hot Zone.wiki"
  },
  {
    "id": "6761f28a022f60bb320f3e95",
    "name": "New Beginning",
    "nameWithoutPvp": "New Beginning",
    "trader": "Ragman",
    "reason": "Wiki file not found: New Beginning.wiki"
  },
  {
    "id": "6761ff17cdc36bd66102e9d0",
    "name": "New Beginning",
    "nameWithoutPvp": "New Beginning",
    "trader": "Ragman",
    "reason": "Wiki file not found: New Beginning.wiki"
  },
  {
    "id": "6848100b00afffa81f09e365",
    "name": "New Beginning",
    "nameWithoutPvp": "New Beginning",
    "trader": "Ragman",
    "reason": "Wiki file not found: New Beginning.wiki"
  },
  {
    "id": "68481881f43abfdda2058369",
    "name": "New Beginning",
    "nameWithoutPvp": "New Beginning",
    "trader": "Ragman",
    "reason": "Wiki file not found: New Beginning.wiki"
  }
]