﻿[
  {
    "id": "54cb50c76803fa8b248b4571",
    "name": "Prapor",
    "nameKo": "프라퍼",
    "normalizedName": "prapor",
    "imageLink": "https://assets.tarkov.dev/54cb50c76803fa8b248b4571.webp",
    "image4xLink": "https://assets.tarkov.dev/54cb50c76803fa8b248b4571-4x.webp"
  },
  {
    "id": "54cb57776803fa99248b456e",
    "name": "Therapist",
    "nameKo": "테라피스트",
    "normalizedName": "therapist",
    "imageLink": "https://assets.tarkov.dev/54cb57776803fa99248b456e.webp",
    "image4xLink": "https://assets.tarkov.dev/54cb57776803fa99248b456e-4x.webp"
  },
  {
    "id": "579dc571d53a0658a154fbec",
    "name": "Fence",
    "nameKo": "펜스",
    "normalizedName": "fence",
    "imageLink": "https://assets.tarkov.dev/579dc571d53a0658a154fbec.webp",
    "image4xLink": "https://assets.tarkov.dev/579dc571d53a0658a154fbec-4x.webp"
  },
  {
    "id": "58330581ace78e27b8b10cee",
    "name": "Skier",
    "nameKo": "스키어",
    "normalizedName": "skier",
    "imageLink": "https://assets.tarkov.dev/58330581ace78e27b8b10cee.webp",
    "image4xLink": "https://assets.tarkov.dev/58330581ace78e27b8b10cee-4x.webp"
  },
  {
    "id": "5935c25fb3acc3127c3d8cd9",
    "name": "Peacekeeper",
    "nameKo": "피스키퍼",
    "normalizedName": "peacekeeper",
    "imageLink": "https://assets.tarkov.dev/5935c25fb3acc3127c3d8cd9.webp",
    "image4xLink": "https://assets.tarkov.dev/5935c25fb3acc3127c3d8cd9-4x.webp"
  },
  {
    "id": "5a7c2eca46aef81a7ca2145d",
    "name": "Mechanic",
    "nameKo": "메카닉",
    "normalizedName": "mechanic",
    "imageLink": "https://assets.tarkov.dev/5a7c2eca46aef81a7ca2145d.webp",
    "image4xLink": "https://assets.tarkov.dev/5a7c2eca46aef81a7ca2145d-4x.webp"
  },
  {
    "id": "5ac3b934156ae10c4430e83c",
    "name": "Ragman",
    "nameKo": "래그맨",
    "normalizedName": "ragman",
    "imageLink": "https://assets.tarkov.dev/5ac3b934156ae10c4430e83c.webp",
    "image4xLink": "https://assets.tarkov.dev/5ac3b934156ae10c4430e83c-4x.webp"
  },
  {
    "id": "5c0647fdd443bc2504c2d371",
    "name": "Jaeger",
    "nameKo": "예거",
    "normalizedName": "jaeger",
    "imageLink": "https://assets.tarkov.dev/5c0647fdd443bc2504c2d371.webp",
    "image4xLink": "https://assets.tarkov.dev/5c0647fdd443bc2504c2d371-4x.webp"
  },
  {
    "id": "638f541a29ffd1183d187f57",
    "name": "Lightkeeper",
    "nameKo": "등대지기",
    "normalizedName": "lightkeeper",
    "imageLink": "https://assets.tarkov.dev/638f541a29ffd1183d187f57.webp",
    "image4xLink": "https://assets.tarkov.dev/638f541a29ffd1183d187f57-4x.webp"
  },
  {
    "id": "656f0f98d80a697f855d34b1",
    "name": "BTR Driver",
    "nameKo": "BTR 운전병",
    "normalizedName": "btr-driver",
    "imageLink": "https://assets.tarkov.dev/656f0f98d80a697f855d34b1.webp",
    "image4xLink": "https://assets.tarkov.dev/unknown-trader-4x.webp"
  },
  {
    "id": "68fe15990f29ba3fdbba9d55",
    "name": "Radio station",
    "normalizedName": "radio-station",
    "imageLink": "https://assets.tarkov.dev/68fe15990f29ba3fdbba9d55.webp",
    "image4xLink": "https://assets.tarkov.dev/unknown-trader-4x.webp"
  },
  {
    "id": "68fe15910f29ba3fdbba9d54",
    "name": "Taran",
    "normalizedName": "taran",
    "imageLink": "https://assets.tarkov.dev/68fe15910f29ba3fdbba9d54.webp",
    "image4xLink": "https://assets.tarkov.dev/unknown-trader-4x.webp"
  },
  {
    "id": "6617beeaa9cfa777ca915b7c",
    "name": "Ref",
    "nameKo": "레프",
    "normalizedName": "ref",
    "imageLink": "https://assets.tarkov.dev/6617beeaa9cfa777ca915b7c.webp",
    "image4xLink": "https://assets.tarkov.dev/6617beeaa9cfa777ca915b7c-4x.webp"
  },
  {
    "id": "688246518448b05efd61d461",
    "name": "Mr. Kerman",
    "normalizedName": "mr-kerman",
    "imageLink": "https://assets.tarkov.dev/688246518448b05efd61d461.webp",
    "image4xLink": "https://assets.tarkov.dev/unknown-trader-4x.webp"
  },
  {
    "id": "688246958448b05efd61d462",
    "name": "Voevoda",
    "normalizedName": "voevoda",
    "imageLink": "https://assets.tarkov.dev/688246958448b05efd61d462.webp",
    "image4xLink": "https://assets.tarkov.dev/unknown-trader-4x.webp"
  }
]