{
  "shooting-cans": "Done",
  "first-in-line": "Done",
  "debut": "Done",
  "pest-control": "Done",
  "the-huntsman-path-eraser-part-1": "Done",
  "the-good-times-part-1": "Done",
  "test-drive-part-1": "Done",
  "test-drive-part-2": "Done",
  "test-drive-part-3": "Done",
  "test-drive-part-4": "Done",
  "burning-rubber": "Done",
  "easy-money-part-1": "Done",
  "easy-money-part-2": "Done",
  "hell-on-earth-part-1": "Done",
  "hell-on-earth-part-2": "Done",
  "search-mission": "Done",
  "supplier": "Done"
}