﻿{
  "Prapor": [
    {
      "name": "Shooting Cans",
      "wikiPath": "/wiki/Shooting_Cans"
    },
    {
      "name": "Debut",
      "wikiPath": "/wiki/Debut"
    },
    {
      "name": "Luxurious Life",
      "wikiPath": "/wiki/Luxurious_Life"
    },
    {
      "name": "Properties All Around",
      "wikiPath": "/wiki/Properties_All_Around"
    },
    {
      "name": "Search Mission",
      "wikiPath": "/wiki/Search_Mission"
    },
    {
      "name": "Background Check",
      "wikiPath": "/wiki/Background_Check"
    },
    {
      "name": "Shootout Picnic",
      "wikiPath": "/wiki/Shootout_Picnic"
    },
    {
      "name": "Delivery From the Past",
      "wikiPath": "/wiki/Delivery_From_the_Past"
    },
    {
      "name": "BP Depot",
      "wikiPath": "/wiki/BP_Depot"
    },
    {
      "name": "The Bunker - Part 1",
      "wikiPath": "/wiki/The_Bunker_-_Part_1"
    },
    {
      "name": "The Bunker - Part 2",
      "wikiPath": "/wiki/The_Bunker_-_Part_2"
    },
    {
      "name": "Bad Rep Evidence",
      "wikiPath": "/wiki/Bad_Rep_Evidence"
    },
    {
      "name": "Ice Cream Cones",
      "wikiPath": "/wiki/Ice_Cream_Cones"
    },
    {
      "name": "No Place for Renegades",
      "wikiPath": "/wiki/No_Place_for_Renegades"
    },
    {
      "name": "Documents",
      "wikiPath": "/wiki/Documents"
    },
    {
      "name": "Postman Pat - Part 1",
      "wikiPath": "/wiki/Postman_Pat_-_Part_1"
    },
    {
      "name": "Shaking Up the Teller",
      "wikiPath": "/wiki/Shaking_Up_the_Teller"
    },
    {
      "name": "The Punisher - Part 1",
      "wikiPath": "/wiki/The_Punisher_-_Part_1"
    },
    {
      "name": "The Punisher - Part 2",
      "wikiPath": "/wiki/The_Punisher_-_Part_2"
    },
    {
      "name": "The Punisher - Part 3",
      "wikiPath": "/wiki/The_Punisher_-_Part_3"
    },
    {
      "name": "The Punisher - Part 4",
      "wikiPath": "/wiki/The_Punisher_-_Part_4"
    },
    {
      "name": "The Punisher - Part 5",
      "wikiPath": "/wiki/The_Punisher_-_Part_5"
    },
    {
      "name": "The Punisher - Part 6",
      "wikiPath": "/wiki/The_Punisher_-_Part_6"
    },
    {
      "name": "Anesthesia",
      "wikiPath": "/wiki/Anesthesia"
    },
    {
      "name": "Grenadier",
      "wikiPath": "/wiki/Grenadier"
    },
    {
      "name": "The Art of Explosion",
      "wikiPath": "/wiki/The_Art_of_Explosion"
    },
    {
      "name": "Test Drive - Part 1",
      "wikiPath": "/wiki/Test_Drive_-_Part_1"
    },
    {
      "name": "Test Drive - Part 2",
      "wikiPath": "/wiki/Test_Drive_-_Part_2"
    },
    {
      "name": "Test Drive - Part 3",
      "wikiPath": "/wiki/Test_Drive_-_Part_3"
    },
    {
      "name": "Test Drive - Part 4",
      "wikiPath": "/wiki/Test_Drive_-_Part_4"
    },
    {
      "name": "Test Drive - Part 5",
      "wikiPath": "/wiki/Test_Drive_-_Part_5"
    },
    {
      "name": "Test Drive - Part 6",
      "wikiPath": "/wiki/Test_Drive_-_Part_6"
    },
    {
      "name": "Perfect Mediator",
      "wikiPath": "/wiki/Perfect_Mediator"
    },
    {
      "name": "Belka and Strelka",
      "wikiPath": "/wiki/Belka_and_Strelka"
    },
    {
      "name": "No Questions Asked",
      "wikiPath": "/wiki/No_Questions_Asked"
    },
    {
      "name": "Polikhim Hobo",
      "wikiPath": "/wiki/Polikhim_Hobo"
    },
    {
      "name": "Regulated Materials",
      "wikiPath": "/wiki/Regulated_Materials"
    },
    {
      "name": "Big Customer",
      "wikiPath": "/wiki/Big_Customer"
    },
    {
      "name": "No Offence",
      "wikiPath": "/wiki/No_Offence"
    },
    {
      "name": "Capturing Outposts",
      "wikiPath": "/wiki/Capturing_Outposts"
    },
    {
      "name": "Intimidator",
      "wikiPath": "/wiki/Intimidator"
    },
    {
      "name": "Escort",
      "wikiPath": "/wiki/Escort"
    },
    {
      "name": "Easy Job - Part 1",
      "wikiPath": "/wiki/Easy_Job_-_Part_1"
    },
    {
      "name": "Easy Job - Part 2",
      "wikiPath": "/wiki/Easy_Job_-_Part_2"
    },
    {
      "name": "Our Own Land",
      "wikiPath": "/wiki/Our_Own_Land"
    },
    {
      "name": "Reconnaissance",
      "wikiPath": "/wiki/Reconnaissance"
    },
    {
      "name": "You've Got Mail",
      "wikiPath": "/wiki/You%27ve_Got_Mail"
    },
    {
      "name": "Glory to CPSU - Part 1",
      "wikiPath": "/wiki/Glory_to_CPSU_-_Part_1"
    },
    {
      "name": "Glory to CPSU - Part 2",
      "wikiPath": "/wiki/Glory_to_CPSU_-_Part_2"
    },
    {
      "name": "Best Job in the World",
      "wikiPath": "/wiki/Best_Job_in_the_World"
    },
    {
      "name": "Kings of the Rooftops",
      "wikiPath": "/wiki/Kings_of_the_Rooftops"
    },
    {
      "name": "Green Corridor",
      "wikiPath": "/wiki/Green_Corridor"
    },
    {
      "name": "Gendarmerie - Mall Cop",
      "wikiPath": "/wiki/Gendarmerie_-_Mall_Cop"
    },
    {
      "name": "Gendarmerie - Tickets, Please",
      "wikiPath": "/wiki/Gendarmerie_-_Tickets%2C_Please"
    },
    {
      "name": "Gendarmerie - District Patrol",
      "wikiPath": "/wiki/Gendarmerie_-_District_Patrol"
    },
    {
      "name": "The Good Times - Part 1",
      "wikiPath": "/wiki/The_Good_Times_-_Part_1"
    },
    {
      "name": "The Good Times - Part 2",
      "wikiPath": "/wiki/The_Good_Times_-_Part_2"
    },
    {
      "name": "Viewer",
      "wikiPath": "/wiki/Viewer"
    },
    {
      "name": "Hell on Earth - Part 1",
      "wikiPath": "/wiki/Hell_on_Earth_-_Part_1"
    },
    {
      "name": "Hell on Earth - Part 2",
      "wikiPath": "/wiki/Hell_on_Earth_-_Part_2"
    },
    {
      "name": "Possessor",
      "wikiPath": "/wiki/Possessor"
    },
    {
      "name": "Special Comms",
      "wikiPath": "/wiki/Special_Comms"
    },
    {
      "name": "Shipping Delay - Part 1",
      "wikiPath": "/wiki/Shipping_Delay_-_Part_1"
    },
    {
      "name": "Forge a Friendship",
      "wikiPath": "/wiki/Forge_a_Friendship"
    },
    {
      "name": "Half Empty",
      "wikiPath": "/wiki/Half_Empty"
    },
    {
      "name": "Stick in the Wheel",
      "wikiPath": "/wiki/Stick_in_the_Wheel"
    }
  ],
  "Therapist": [
    {
      "name": "First in Line",
      "wikiPath": "/wiki/First_in_Line"
    },
    {
      "name": "Shortage",
      "wikiPath": "/wiki/Shortage"
    },
    {
      "name": "Operation Aquarius - Part 1",
      "wikiPath": "/wiki/Operation_Aquarius_-_Part_1"
    },
    {
      "name": "Operation Aquarius - Part 2",
      "wikiPath": "/wiki/Operation_Aquarius_-_Part_2"
    },
    {
      "name": "Sanitary Standards - Part 1",
      "wikiPath": "/wiki/Sanitary_Standards_-_Part_1"
    },
    {
      "name": "Sanitary Standards - Part 2",
      "wikiPath": "/wiki/Sanitary_Standards_-_Part_2"
    },
    {
      "name": "Painkiller",
      "wikiPath": "/wiki/Painkiller"
    },
    {
      "name": "Pharmacist",
      "wikiPath": "/wiki/Pharmacist"
    },
    {
      "name": "Car Repair",
      "wikiPath": "/wiki/Car_Repair"
    },
    {
      "name": "Disease History",
      "wikiPath": "/wiki/Disease_History"
    },
    {
      "name": "Supply Plans",
      "wikiPath": "/wiki/Supply_Plans"
    },
    {
      "name": "Health Care Privacy - Part 1",
      "wikiPath": "/wiki/Health_Care_Privacy_-_Part_1"
    },
    {
      "name": "Health Care Privacy - Part 2",
      "wikiPath": "/wiki/Health_Care_Privacy_-_Part_2"
    },
    {
      "name": "Health Care Privacy - Part 3",
      "wikiPath": "/wiki/Health_Care_Privacy_-_Part_3"
    },
    {
      "name": "An Apple a Day Keeps the Doctor Away",
      "wikiPath": "/wiki/An_Apple_a_Day_Keeps_the_Doctor_Away"
    },
    {
      "name": "Health Care Privacy - Part 4",
      "wikiPath": "/wiki/Health_Care_Privacy_-_Part_4"
    },
    {
      "name": "Health Care Privacy - Part 5",
      "wikiPath": "/wiki/Health_Care_Privacy_-_Part_5"
    },
    {
      "name": "Health Care Privacy - Part 6",
      "wikiPath": "/wiki/Health_Care_Privacy_-_Part_6"
    },
    {
      "name": "Athlete",
      "wikiPath": "/wiki/Athlete"
    },
    {
      "name": "Private Clinic",
      "wikiPath": "/wiki/Private_Clinic"
    },
    {
      "name": "Decontamination Service",
      "wikiPath": "/wiki/Decontamination_Service"
    },
    {
      "name": "General Wares",
      "wikiPath": "/wiki/General_Wares"
    },
    {
      "name": "Colleagues - Part 1",
      "wikiPath": "/wiki/Colleagues_-_Part_1"
    },
    {
      "name": "Colleagues - Part 2",
      "wikiPath": "/wiki/Colleagues_-_Part_2"
    },
    {
      "name": "Colleagues - Part 3",
      "wikiPath": "/wiki/Colleagues_-_Part_3"
    },
    {
      "name": "Postman Pat - Part 2",
      "wikiPath": "/wiki/Postman_Pat_-_Part_2"
    },
    {
      "name": "Out of Curiosity",
      "wikiPath": "/wiki/Out_of_Curiosity"
    },
    {
      "name": "Trust Regain",
      "wikiPath": "/wiki/Trust_Regain"
    },
    {
      "name": "Crisis",
      "wikiPath": "/wiki/Crisis"
    },
    {
      "name": "Seaside Vacation",
      "wikiPath": "/wiki/Seaside_Vacation"
    },
    {
      "name": "Lost Contact",
      "wikiPath": "/wiki/Lost_Contact"
    },
    {
      "name": "Population Census",
      "wikiPath": "/wiki/Population_Census"
    },
    {
      "name": "Dangerous Road",
      "wikiPath": "/wiki/Dangerous_Road"
    },
    {
      "name": "Urban Medicine",
      "wikiPath": "/wiki/Urban_Medicine"
    },
    {
      "name": "Drug Trafficking",
      "wikiPath": "/wiki/Drug_Trafficking"
    },
    {
      "name": "Pets Won't Need It - Part 1",
      "wikiPath": "/wiki/Pets_Won%27t_Need_It_-_Part_1"
    },
    {
      "name": "Pets Won't Need It - Part 2",
      "wikiPath": "/wiki/Pets_Won%27t_Need_It_-_Part_2"
    },
    {
      "name": "Ambulances Again",
      "wikiPath": "/wiki/Ambulances_Again"
    },
    {
      "name": "Shipment Tracking",
      "wikiPath": "/wiki/Shipment_Tracking"
    },
    {
      "name": "Closer to the People",
      "wikiPath": "/wiki/Closer_to_the_People"
    },
    {
      "name": "Abandoned Cargo",
      "wikiPath": "/wiki/Abandoned_Cargo"
    },
    {
      "name": "All Is Revealed",
      "wikiPath": "/wiki/All_Is_Revealed"
    },
    {
      "name": "A Healthy Alternative",
      "wikiPath": "/wiki/A_Healthy_Alternative"
    },
    {
      "name": "Quality Standard",
      "wikiPath": "/wiki/Quality_Standard"
    },
    {
      "name": "Thirsty - Echo",
      "wikiPath": "/wiki/Thirsty_-_Echo"
    },
    {
      "name": "Thirsty - Secrets",
      "wikiPath": "/wiki/Thirsty_-_Secrets"
    },
    {
      "name": "Beneath The Streets",
      "wikiPath": "/wiki/Beneath_The_Streets"
    },
    {
      "name": "This Tape Sucks",
      "wikiPath": "/wiki/This_Tape_Sucks"
    }
  ],
  "Fence": [
    {
      "name": "Establish Contact",
      "wikiPath": "/wiki/Establish_Contact"
    },
    {
      "name": "Friend Among Strangers",
      "wikiPath": "/wiki/Friend_Among_Strangers"
    },
    {
      "name": "Immunity",
      "wikiPath": "/wiki/Immunity"
    },
    {
      "name": "Small Business - Part 1",
      "wikiPath": "/wiki/Small_Business_-_Part_1"
    },
    {
      "name": "Small Business - Part 2",
      "wikiPath": "/wiki/Small_Business_-_Part_2"
    },
    {
      "name": "Small Business - Part 3",
      "wikiPath": "/wiki/Small_Business_-_Part_3"
    },
    {
      "name": "Between Two Fires",
      "wikiPath": "/wiki/Between_Two_Fires"
    },
    {
      "name": "The Choice",
      "wikiPath": "/wiki/The_Choice"
    },
    {
      "name": "Is This a Reference?",
      "wikiPath": "/wiki/Is_This_a_Reference%3F"
    },
    {
      "name": "Collector",
      "wikiPath": "/wiki/Collector"
    },
    {
      "name": "Compensation for Damage - Trust",
      "wikiPath": "/wiki/Compensation_for_Damage_-_Trust"
    },
    {
      "name": "Compensation for Damage - Wager",
      "wikiPath": "/wiki/Compensation_for_Damage_-_Wager"
    },
    {
      "name": "Compensation for Damage - Barkeep",
      "wikiPath": "/wiki/Compensation_for_Damage_-_Barkeep"
    },
    {
      "name": "Compensation for Damage - Collection",
      "wikiPath": "/wiki/Compensation_for_Damage_-_Collection"
    },
    {
      "name": "Compensation for Damage - Wergild",
      "wikiPath": "/wiki/Compensation_for_Damage_-_Wergild"
    }
  ],
  "Skier": [
    {
      "name": "Burning Rubber",
      "wikiPath": "/wiki/Burning_Rubber"
    },
    {
      "name": "Supplier",
      "wikiPath": "/wiki/Supplier"
    },
    {
      "name": "The Extortionist",
      "wikiPath": "/wiki/The_Extortionist"
    },
    {
      "name": "Stirrup",
      "wikiPath": "/wiki/Stirrup"
    },
    {
      "name": "What’s on the Flash Drive?",
      "wikiPath": "/wiki/What%E2%80%99s_on_the_Flash_Drive%3F"
    },
    {
      "name": "Golden Swag",
      "wikiPath": "/wiki/Golden_Swag"
    },
    {
      "name": "Chemical - Part 1",
      "wikiPath": "/wiki/Chemical_-_Part_1"
    },
    {
      "name": "Chemical - Part 2",
      "wikiPath": "/wiki/Chemical_-_Part_2"
    },
    {
      "name": "Chemical - Part 3",
      "wikiPath": "/wiki/Chemical_-_Part_3"
    },
    {
      "name": "Chemical - Part 4",
      "wikiPath": "/wiki/Chemical_-_Part_4"
    },
    {
      "name": "Loyalty Buyout",
      "wikiPath": "/wiki/Loyalty_Buyout"
    },
    {
      "name": "Vitamins - Part 1",
      "wikiPath": "/wiki/Vitamins_-_Part_1"
    },
    {
      "name": "Vitamins - Part 2",
      "wikiPath": "/wiki/Vitamins_-_Part_2"
    },
    {
      "name": "Friend From the West - Part 1",
      "wikiPath": "/wiki/Friend_From_the_West_-_Part_1"
    },
    {
      "name": "Friend From the West - Part 2",
      "wikiPath": "/wiki/Friend_From_the_West_-_Part_2"
    },
    {
      "name": "Informed Means Armed",
      "wikiPath": "/wiki/Informed_Means_Armed"
    },
    {
      "name": "Chumming",
      "wikiPath": "/wiki/Chumming"
    },
    {
      "name": "Silent Caliber",
      "wikiPath": "/wiki/Silent_Caliber"
    },
    {
      "name": "Bullshit",
      "wikiPath": "/wiki/Bullshit"
    },
    {
      "name": "Setup",
      "wikiPath": "/wiki/Setup"
    },
    {
      "name": "Flint",
      "wikiPath": "/wiki/Flint"
    },
    {
      "name": "Lend-Lease - Part 1",
      "wikiPath": "/wiki/Lend-Lease_-_Part_1"
    },
    {
      "name": "Kind of Sabotage",
      "wikiPath": "/wiki/Kind_of_Sabotage"
    },
    {
      "name": "Rigged Game",
      "wikiPath": "/wiki/Rigged_Game"
    },
    {
      "name": "Safe Corridor",
      "wikiPath": "/wiki/Safe_Corridor"
    },
    {
      "name": "Night Sweep",
      "wikiPath": "/wiki/Night_Sweep"
    },
    {
      "name": "Private Club",
      "wikiPath": "/wiki/Private_Club"
    },
    {
      "name": "Long Road",
      "wikiPath": "/wiki/Long_Road"
    },
    {
      "name": "Missing Cargo",
      "wikiPath": "/wiki/Missing_Cargo"
    },
    {
      "name": "Top Secret",
      "wikiPath": "/wiki/Top_Secret"
    },
    {
      "name": "House Arrest - Part 1",
      "wikiPath": "/wiki/House_Arrest_-_Part_1"
    },
    {
      "name": "House Arrest - Part 2",
      "wikiPath": "/wiki/House_Arrest_-_Part_2"
    },
    {
      "name": "Debtor",
      "wikiPath": "/wiki/Debtor"
    },
    {
      "name": "The Walls Have Eyes",
      "wikiPath": "/wiki/The_Walls_Have_Eyes"
    },
    {
      "name": "Exit Here",
      "wikiPath": "/wiki/Exit_Here"
    },
    {
      "name": "Beyond the Red Meat - Part 1",
      "wikiPath": "/wiki/Beyond_the_Red_Meat_-_Part_1"
    },
    {
      "name": "Beyond the Red Meat - Part 2",
      "wikiPath": "/wiki/Beyond_the_Red_Meat_-_Part_2"
    },
    {
      "name": "Pyramid Scheme",
      "wikiPath": "/wiki/Pyramid_Scheme"
    },
    {
      "name": "No Swiping",
      "wikiPath": "/wiki/No_Swiping"
    },
    {
      "name": "Irresistible",
      "wikiPath": "/wiki/Irresistible"
    },
    {
      "name": "Dangerous Props",
      "wikiPath": "/wiki/Dangerous_Props"
    },
    {
      "name": "Connections Up North",
      "wikiPath": "/wiki/Connections_Up_North"
    },
    {
      "name": "The Higher They Fly",
      "wikiPath": "/wiki/The_Higher_They_Fly"
    },
    {
      "name": "Easy Money - Part 1",
      "wikiPath": "/wiki/Easy_Money_-_Part_1"
    },
    {
      "name": "Minute of Fame",
      "wikiPath": "/wiki/Minute_of_Fame"
    },
    {
      "name": "Serious Allegations",
      "wikiPath": "/wiki/Serious_Allegations"
    },
    {
      "name": "Proper Comeback",
      "wikiPath": "/wiki/Proper_Comeback"
    },
    {
      "name": "Thirsty - Breadwinner",
      "wikiPath": "/wiki/Thirsty_-_Breadwinner"
    },
    {
      "name": "Thirsty - Delivery",
      "wikiPath": "/wiki/Thirsty_-_Delivery"
    },
    {
      "name": "Route Deviation",
      "wikiPath": "/wiki/Route_Deviation"
    },
    {
      "name": "Hindsight 20/20",
      "wikiPath": "/wiki/Hindsight_20%2F20"
    },
    {
      "name": "Key Partner",
      "wikiPath": "/wiki/Key_Partner"
    },
    {
      "name": "Killer Argument",
      "wikiPath": "/wiki/Killer_Argument"
    },
    {
      "name": "Choose Your Friends Wisely",
      "wikiPath": "/wiki/Choose_Your_Friends_Wisely"
    },
    {
      "name": "Indisputable Authority",
      "wikiPath": "/wiki/Indisputable_Authority"
    },
    {
      "name": "Fair Price - Part 1",
      "wikiPath": "/wiki/Fair_Price_-_Part_1"
    },
    {
      "name": "Fair Price - Part 2",
      "wikiPath": "/wiki/Fair_Price_-_Part_2"
    },
    {
      "name": "Profitable Venture",
      "wikiPath": "/wiki/Profitable_Venture"
    },
    {
      "name": "Safety Guarantee",
      "wikiPath": "/wiki/Safety_Guarantee"
    },
    {
      "name": "Never Too Late To Learn",
      "wikiPath": "/wiki/Never_Too_Late_To_Learn"
    },
    {
      "name": "Get a Foothold",
      "wikiPath": "/wiki/Get_a_Foothold"
    },
    {
      "name": "Profit Retention",
      "wikiPath": "/wiki/Profit_Retention"
    },
    {
      "name": "A Life Lesson",
      "wikiPath": "/wiki/A_Life_Lesson"
    },
    {
      "name": "Consolation Prize",
      "wikiPath": "/wiki/Consolation_Prize"
    }
  ],
  "Peacekeeper": [
    {
      "name": "Fishing Gear",
      "wikiPath": "/wiki/Fishing_Gear"
    },
    {
      "name": "Tigr Safari",
      "wikiPath": "/wiki/Tigr_Safari"
    },
    {
      "name": "Scrap Metal",
      "wikiPath": "/wiki/Scrap_Metal"
    },
    {
      "name": "Eagle Eye",
      "wikiPath": "/wiki/Eagle_Eye"
    },
    {
      "name": "Humanitarian Supplies",
      "wikiPath": "/wiki/Humanitarian_Supplies"
    },
    {
      "name": "The Cult - Part 1",
      "wikiPath": "/wiki/The_Cult_-_Part_1"
    },
    {
      "name": "The Cult - Part 2",
      "wikiPath": "/wiki/The_Cult_-_Part_2"
    },
    {
      "name": "Spa Tour - Part 1",
      "wikiPath": "/wiki/Spa_Tour_-_Part_1"
    },
    {
      "name": "Spa Tour - Part 2",
      "wikiPath": "/wiki/Spa_Tour_-_Part_2"
    },
    {
      "name": "Spa Tour - Part 3",
      "wikiPath": "/wiki/Spa_Tour_-_Part_3"
    },
    {
      "name": "Spa Tour - Part 4",
      "wikiPath": "/wiki/Spa_Tour_-_Part_4"
    },
    {
      "name": "Spa Tour - Part 5",
      "wikiPath": "/wiki/Spa_Tour_-_Part_5"
    },
    {
      "name": "Spa Tour - Part 6",
      "wikiPath": "/wiki/Spa_Tour_-_Part_6"
    },
    {
      "name": "Spa Tour - Part 7",
      "wikiPath": "/wiki/Spa_Tour_-_Part_7"
    },
    {
      "name": "Cargo X - Part 1",
      "wikiPath": "/wiki/Cargo_X_-_Part_1"
    },
    {
      "name": "Cargo X - Part 2",
      "wikiPath": "/wiki/Cargo_X_-_Part_2"
    },
    {
      "name": "Cargo X - Part 3",
      "wikiPath": "/wiki/Cargo_X_-_Part_3"
    },
    {
      "name": "Wet Job - Part 1",
      "wikiPath": "/wiki/Wet_Job_-_Part_1"
    },
    {
      "name": "Wet Job - Part 2",
      "wikiPath": "/wiki/Wet_Job_-_Part_2"
    },
    {
      "name": "Wet Job - Part 3",
      "wikiPath": "/wiki/Wet_Job_-_Part_3"
    },
    {
      "name": "Wet Job - Part 4",
      "wikiPath": "/wiki/Wet_Job_-_Part_4"
    },
    {
      "name": "Wet Job - Part 5",
      "wikiPath": "/wiki/Wet_Job_-_Part_5"
    },
    {
      "name": "Mentor",
      "wikiPath": "/wiki/Mentor"
    },
    {
      "name": "Wet Job - Part 6",
      "wikiPath": "/wiki/Wet_Job_-_Part_6"
    },
    {
      "name": "The Guide",
      "wikiPath": "/wiki/The_Guide"
    },
    {
      "name": "Samples",
      "wikiPath": "/wiki/Samples"
    },
    {
      "name": "TerraGroup Employee",
      "wikiPath": "/wiki/TerraGroup_Employee"
    },
    {
      "name": "Lend-Lease - Part 2",
      "wikiPath": "/wiki/Lend-Lease_-_Part_2"
    },
    {
      "name": "Peacekeeping Mission",
      "wikiPath": "/wiki/Peacekeeping_Mission"
    },
    {
      "name": "Classified Technologies",
      "wikiPath": "/wiki/Classified_Technologies"
    },
    {
      "name": "Revision - Reserve",
      "wikiPath": "/wiki/Revision_-_Reserve"
    },
    {
      "name": "The Cleaner",
      "wikiPath": "/wiki/The_Cleaner"
    },
    {
      "name": "Special Equipment",
      "wikiPath": "/wiki/Special_Equipment"
    },
    {
      "name": "Cargo X - Part 4",
      "wikiPath": "/wiki/Cargo_X_-_Part_4"
    },
    {
      "name": "Insomnia",
      "wikiPath": "/wiki/Insomnia"
    },
    {
      "name": "Counteraction",
      "wikiPath": "/wiki/Counteraction"
    },
    {
      "name": "Overpopulation",
      "wikiPath": "/wiki/Overpopulation"
    },
    {
      "name": "Revision - Lighthouse",
      "wikiPath": "/wiki/Revision_-_Lighthouse"
    },
    {
      "name": "Trophies",
      "wikiPath": "/wiki/Trophies"
    },
    {
      "name": "Revision - Streets of Tarkov",
      "wikiPath": "/wiki/Revision_-_Streets_of_Tarkov"
    },
    {
      "name": "Road Closed",
      "wikiPath": "/wiki/Road_Closed"
    },
    {
      "name": "Worst Job in the World",
      "wikiPath": "/wiki/Worst_Job_in_the_World"
    },
    {
      "name": "Your Car Needs a Service",
      "wikiPath": "/wiki/Your_Car_Needs_a_Service"
    },
    {
      "name": "One Less Loose End",
      "wikiPath": "/wiki/One_Less_Loose_End"
    },
    {
      "name": "New Day, New Paths",
      "wikiPath": "/wiki/New_Day%2C_New_Paths"
    },
    {
      "name": "Seizing the Initiative",
      "wikiPath": "/wiki/Seizing_the_Initiative"
    },
    {
      "name": "Confidential Info",
      "wikiPath": "/wiki/Confidential_Info"
    }
  ],
  "Mechanic": [
    {
      "name": "Saving the Mole",
      "wikiPath": "/wiki/Saving_the_Mole"
    },
    {
      "name": "Introduction",
      "wikiPath": "/wiki/Introduction"
    },
    {
      "name": "Gunsmith - Part 1",
      "wikiPath": "/wiki/Gunsmith_-_Part_1"
    },
    {
      "name": "Gunsmith - Part 2",
      "wikiPath": "/wiki/Gunsmith_-_Part_2"
    },
    {
      "name": "Gunsmith - Part 3",
      "wikiPath": "/wiki/Gunsmith_-_Part_3"
    },
    {
      "name": "Gunsmith - Part 4",
      "wikiPath": "/wiki/Gunsmith_-_Part_4"
    },
    {
      "name": "Gunsmith - Part 5",
      "wikiPath": "/wiki/Gunsmith_-_Part_5"
    },
    {
      "name": "Gunsmith - Part 6",
      "wikiPath": "/wiki/Gunsmith_-_Part_6"
    },
    {
      "name": "Gunsmith - Part 7",
      "wikiPath": "/wiki/Gunsmith_-_Part_7"
    },
    {
      "name": "Gunsmith - Part 8",
      "wikiPath": "/wiki/Gunsmith_-_Part_8"
    },
    {
      "name": "Gunsmith - Part 9",
      "wikiPath": "/wiki/Gunsmith_-_Part_9"
    },
    {
      "name": "Gunsmith - Part 10",
      "wikiPath": "/wiki/Gunsmith_-_Part_10"
    },
    {
      "name": "Gunsmith - Part 11",
      "wikiPath": "/wiki/Gunsmith_-_Part_11"
    },
    {
      "name": "Gunsmith - Part 12",
      "wikiPath": "/wiki/Gunsmith_-_Part_12"
    },
    {
      "name": "Gunsmith - Part 13",
      "wikiPath": "/wiki/Gunsmith_-_Part_13"
    },
    {
      "name": "Gunsmith - Part 14",
      "wikiPath": "/wiki/Gunsmith_-_Part_14"
    },
    {
      "name": "Gunsmith - Part 15",
      "wikiPath": "/wiki/Gunsmith_-_Part_15"
    },
    {
      "name": "Gunsmith - Part 16",
      "wikiPath": "/wiki/Gunsmith_-_Part_16"
    },
    {
      "name": "Gunsmith - Part 17",
      "wikiPath": "/wiki/Gunsmith_-_Part_17"
    },
    {
      "name": "Gunsmith - Part 18",
      "wikiPath": "/wiki/Gunsmith_-_Part_18"
    },
    {
      "name": "Gunsmith - Part 19",
      "wikiPath": "/wiki/Gunsmith_-_Part_19"
    },
    {
      "name": "Gunsmith - Part 20",
      "wikiPath": "/wiki/Gunsmith_-_Part_20"
    },
    {
      "name": "Gunsmith - Part 21",
      "wikiPath": "/wiki/Gunsmith_-_Part_21"
    },
    {
      "name": "Gunsmith - Part 22",
      "wikiPath": "/wiki/Gunsmith_-_Part_22"
    },
    {
      "name": "Gunsmith - Part 23",
      "wikiPath": "/wiki/Gunsmith_-_Part_23"
    },
    {
      "name": "Gunsmith - Part 24",
      "wikiPath": "/wiki/Gunsmith_-_Part_24"
    },
    {
      "name": "Gunsmith - Part 25",
      "wikiPath": "/wiki/Gunsmith_-_Part_25"
    },
    {
      "name": "Gunsmith - Old Friend's Request",
      "wikiPath": "/wiki/Gunsmith_-_Old_Friend%27s_Request"
    },
    {
      "name": "Signal - Part 1",
      "wikiPath": "/wiki/Signal_-_Part_1"
    },
    {
      "name": "Insider",
      "wikiPath": "/wiki/Insider"
    },
    {
      "name": "Signal - Part 2",
      "wikiPath": "/wiki/Signal_-_Part_2"
    },
    {
      "name": "Scout",
      "wikiPath": "/wiki/Scout"
    },
    {
      "name": "Capacity Check",
      "wikiPath": "/wiki/Capacity_Check"
    },
    {
      "name": "Black Swan",
      "wikiPath": "/wiki/Black_Swan"
    },
    {
      "name": "Forklift Certified",
      "wikiPath": "/wiki/Forklift_Certified"
    },
    {
      "name": "Surplus Goods",
      "wikiPath": "/wiki/Surplus_Goods"
    },
    {
      "name": "Back Door",
      "wikiPath": "/wiki/Back_Door"
    },
    {
      "name": "Signal - Part 3",
      "wikiPath": "/wiki/Signal_-_Part_3"
    },
    {
      "name": "Signal - Part 4",
      "wikiPath": "/wiki/Signal_-_Part_4"
    },
    {
      "name": "Farming - Part 1",
      "wikiPath": "/wiki/Farming_-_Part_1"
    },
    {
      "name": "Farming - Part 2",
      "wikiPath": "/wiki/Farming_-_Part_2"
    },
    {
      "name": "Bad Habit",
      "wikiPath": "/wiki/Bad_Habit"
    },
    {
      "name": "Farming - Part 3",
      "wikiPath": "/wiki/Farming_-_Part_3"
    },
    {
      "name": "Farming - Part 4",
      "wikiPath": "/wiki/Farming_-_Part_4"
    },
    {
      "name": "Psycho Sniper",
      "wikiPath": "/wiki/Psycho_Sniper"
    },
    {
      "name": "A Shooter Born in Heaven",
      "wikiPath": "/wiki/A_Shooter_Born_in_Heaven"
    },
    {
      "name": "Fertilizers",
      "wikiPath": "/wiki/Fertilizers"
    },
    {
      "name": "Import",
      "wikiPath": "/wiki/Import"
    },
    {
      "name": "Passion for Ergonomics",
      "wikiPath": "/wiki/Passion_for_Ergonomics"
    },
    {
      "name": "Goals and Means",
      "wikiPath": "/wiki/Goals_and_Means"
    },
    {
      "name": "Chemistry Closet",
      "wikiPath": "/wiki/Chemistry_Closet"
    },
    {
      "name": "Calibration",
      "wikiPath": "/wiki/Calibration"
    },
    {
      "name": "The Courier",
      "wikiPath": "/wiki/The_Courier"
    },
    {
      "name": "Corporate Secrets",
      "wikiPath": "/wiki/Corporate_Secrets"
    },
    {
      "name": "Energy Crisis",
      "wikiPath": "/wiki/Energy_Crisis"
    },
    {
      "name": "Broadcast - Part 1",
      "wikiPath": "/wiki/Broadcast_-_Part_1"
    },
    {
      "name": "Broadcast - Part 2",
      "wikiPath": "/wiki/Broadcast_-_Part_2"
    },
    {
      "name": "Surveillance",
      "wikiPath": "/wiki/Surveillance"
    },
    {
      "name": "Watching You",
      "wikiPath": "/wiki/Watching_You"
    },
    {
      "name": "Network Provider - Part 1",
      "wikiPath": "/wiki/Network_Provider_-_Part_1"
    },
    {
      "name": "Network Provider - Part 2",
      "wikiPath": "/wiki/Network_Provider_-_Part_2"
    },
    {
      "name": "Assessment - Part 1",
      "wikiPath": "/wiki/Assessment_-_Part_1"
    },
    {
      "name": "Assessment - Part 2",
      "wikiPath": "/wiki/Assessment_-_Part_2"
    },
    {
      "name": "Assessment - Part 3",
      "wikiPath": "/wiki/Assessment_-_Part_3"
    },
    {
      "name": "Key to the Tower",
      "wikiPath": "/wiki/Key_to_the_Tower"
    },
    {
      "name": "Knock-Knock",
      "wikiPath": "/wiki/Knock-Knock"
    },
    {
      "name": "Getting Acquainted",
      "wikiPath": "/wiki/Getting_Acquainted"
    },
    {
      "name": "The Door",
      "wikiPath": "/wiki/The_Door"
    },
    {
      "name": "Steady Signal",
      "wikiPath": "/wiki/Steady_Signal"
    },
    {
      "name": "Developer's Secrets - Part 1",
      "wikiPath": "/wiki/Developer%27s_Secrets_-_Part_1"
    },
    {
      "name": "Developer's Secrets - Part 2",
      "wikiPath": "/wiki/Developer%27s_Secrets_-_Part_2"
    },
    {
      "name": "Airmail",
      "wikiPath": "/wiki/Airmail"
    },
    {
      "name": "Camera, Action!",
      "wikiPath": "/wiki/Camera%2C_Action%21"
    },
    {
      "name": "Secrets of Polikhim",
      "wikiPath": "/wiki/Secrets_of_Polikhim"
    },
    {
      "name": "A Helping Hand",
      "wikiPath": "/wiki/A_Helping_Hand"
    },
    {
      "name": "Shady Contractor",
      "wikiPath": "/wiki/Shady_Contractor"
    },
    {
      "name": "Needle in a Haystack",
      "wikiPath": "/wiki/Needle_in_a_Haystack"
    },
    {
      "name": "Hidden Layer",
      "wikiPath": "/wiki/Hidden_Layer"
    },
    {
      "name": "Offensive Reconnaissance",
      "wikiPath": "/wiki/Offensive_Reconnaissance"
    },
    {
      "name": "Hypotheses Testing",
      "wikiPath": "/wiki/Hypotheses_Testing"
    },
    {
      "name": "Hobby Club",
      "wikiPath": "/wiki/Hobby_Club"
    },
    {
      "name": "Make Amends - Buyout",
      "wikiPath": "/wiki/Make_Amends_-_Buyout"
    },
    {
      "name": "Make Amends - Equipment",
      "wikiPath": "/wiki/Make_Amends_-_Equipment"
    },
    {
      "name": "Make Amends - Security",
      "wikiPath": "/wiki/Make_Amends_-_Security"
    },
    {
      "name": "Make Amends - Sweep Up",
      "wikiPath": "/wiki/Make_Amends_-_Sweep_Up"
    },
    {
      "name": "Make Amends - Software",
      "wikiPath": "/wiki/Make_Amends_-_Software"
    },
    {
      "name": "Make Amends - Quarantine",
      "wikiPath": "/wiki/Make_Amends_-_Quarantine"
    },
    {
      "name": "Make Amends",
      "wikiPath": "/wiki/Make_Amends"
    }
  ],
  "Ragman": [
    {
      "name": "Only Business",
      "wikiPath": "/wiki/Only_Business"
    },
    {
      "name": "Make ULTRA Great Again",
      "wikiPath": "/wiki/Make_ULTRA_Great_Again"
    },
    {
      "name": "Big Sale",
      "wikiPath": "/wiki/Big_Sale"
    },
    {
      "name": "A Fuel Matter",
      "wikiPath": "/wiki/A_Fuel_Matter"
    },
    {
      "name": "Inventory Check",
      "wikiPath": "/wiki/Inventory_Check"
    },
    {
      "name": "The Blood of War - Part 1",
      "wikiPath": "/wiki/The_Blood_of_War_-_Part_1"
    },
    {
      "name": "Dressed to Kill",
      "wikiPath": "/wiki/Dressed_to_Kill"
    },
    {
      "name": "Gratitude",
      "wikiPath": "/wiki/Gratitude"
    },
    {
      "name": "Hot Delivery",
      "wikiPath": "/wiki/Hot_Delivery"
    },
    {
      "name": "Scavenger",
      "wikiPath": "/wiki/Scavenger"
    },
    {
      "name": "Sales Night",
      "wikiPath": "/wiki/Sales_Night"
    },
    {
      "name": "Database - Part 1",
      "wikiPath": "/wiki/Database_-_Part_1"
    },
    {
      "name": "Database - Part 2",
      "wikiPath": "/wiki/Database_-_Part_2"
    },
    {
      "name": "Minibus",
      "wikiPath": "/wiki/Minibus"
    },
    {
      "name": "Sew it Good - Part 1",
      "wikiPath": "/wiki/Sew_it_Good_-_Part_1"
    },
    {
      "name": "The Blood of War - Part 2",
      "wikiPath": "/wiki/The_Blood_of_War_-_Part_2"
    },
    {
      "name": "The Blood of War - Part 3",
      "wikiPath": "/wiki/The_Blood_of_War_-_Part_3"
    },
    {
      "name": "Sew it Good - Part 2",
      "wikiPath": "/wiki/Sew_it_Good_-_Part_2"
    },
    {
      "name": "Sew it Good - Part 3",
      "wikiPath": "/wiki/Sew_it_Good_-_Part_3"
    },
    {
      "name": "The Key to Success",
      "wikiPath": "/wiki/The_Key_to_Success"
    },
    {
      "name": "No Fuss Needed",
      "wikiPath": "/wiki/No_Fuss_Needed"
    },
    {
      "name": "Supervisor",
      "wikiPath": "/wiki/Supervisor"
    },
    {
      "name": "Living High is Not a Crime - Part 1",
      "wikiPath": "/wiki/Living_High_is_Not_a_Crime_-_Part_1"
    },
    {
      "name": "Living High is Not a Crime - Part 2",
      "wikiPath": "/wiki/Living_High_is_Not_a_Crime_-_Part_2"
    },
    {
      "name": "Sew it Good - Part 4",
      "wikiPath": "/wiki/Sew_it_Good_-_Part_4"
    },
    {
      "name": "Charisma Brings Success",
      "wikiPath": "/wiki/Charisma_Brings_Success"
    },
    {
      "name": "Textile - Part 1",
      "wikiPath": "/wiki/Textile_-_Part_1"
    },
    {
      "name": "Textile - Part 2",
      "wikiPath": "/wiki/Textile_-_Part_2"
    },
    {
      "name": "Long Line",
      "wikiPath": "/wiki/Long_Line"
    },
    {
      "name": "Booze",
      "wikiPath": "/wiki/Booze"
    },
    {
      "name": "Break the Deal",
      "wikiPath": "/wiki/Break_the_Deal"
    },
    {
      "name": "Audit",
      "wikiPath": "/wiki/Audit"
    },
    {
      "name": "Ballet Lover",
      "wikiPath": "/wiki/Ballet_Lover"
    },
    {
      "name": "Audiophile",
      "wikiPath": "/wiki/Audiophile"
    },
    {
      "name": "Dandies",
      "wikiPath": "/wiki/Dandies"
    },
    {
      "name": "Nothing Fishy About This",
      "wikiPath": "/wiki/Nothing_Fishy_About_This"
    },
    {
      "name": "Key to the City",
      "wikiPath": "/wiki/Key_to_the_City"
    },
    {
      "name": "The Invisible Hand",
      "wikiPath": "/wiki/The_Invisible_Hand"
    },
    {
      "name": "Circulate",
      "wikiPath": "/wiki/Circulate"
    },
    {
      "name": "Special Offer",
      "wikiPath": "/wiki/Special_Offer"
    },
    {
      "name": "Combat Proven",
      "wikiPath": "/wiki/Combat_Proven"
    },
    {
      "name": "Old Patterns",
      "wikiPath": "/wiki/Old_Patterns"
    },
    {
      "name": "Drip-Out - Part 1",
      "wikiPath": "/wiki/Drip-Out_-_Part_1"
    },
    {
      "name": "Drip-Out - Part 2",
      "wikiPath": "/wiki/Drip-Out_-_Part_2"
    },
    {
      "name": "Know Your Place!",
      "wikiPath": "/wiki/Know_Your_Place%21"
    },
    {
      "name": "Another Shipping Delay",
      "wikiPath": "/wiki/Another_Shipping_Delay"
    },
    {
      "name": "Stabilize Business",
      "wikiPath": "/wiki/Stabilize_Business"
    },
    {
      "name": "Sensory Analysis - Part 1",
      "wikiPath": "/wiki/Sensory_Analysis_-_Part_1"
    },
    {
      "name": "Vacate the Premises",
      "wikiPath": "/wiki/Vacate_the_Premises"
    },
    {
      "name": "New Beginning (Prestige 1)",
      "wikiPath": "/wiki/New_Beginning_%28Prestige_1%29"
    },
    {
      "name": "New Beginning (Prestige 2)",
      "wikiPath": "/wiki/New_Beginning_%28Prestige_2%29"
    },
    {
      "name": "New Beginning (Prestige 3)",
      "wikiPath": "/wiki/New_Beginning_%28Prestige_3%29"
    },
    {
      "name": "New Beginning (Prestige 4)",
      "wikiPath": "/wiki/New_Beginning_%28Prestige_4%29"
    },
    {
      "name": "New Beginning (Prestige 5)",
      "wikiPath": "/wiki/New_Beginning_%28Prestige_5%29"
    }
  ],
  "Jaeger": [
    {
      "name": "Acquaintance",
      "wikiPath": "/wiki/Acquaintance"
    },
    {
      "name": "The Survivalist Path - Unprotected but Dangerous",
      "wikiPath": "/wiki/The_Survivalist_Path_-_Unprotected_but_Dangerous"
    },
    {
      "name": "The Survivalist Path - Thrifty",
      "wikiPath": "/wiki/The_Survivalist_Path_-_Thrifty"
    },
    {
      "name": "The Survivalist Path - Zhivchik",
      "wikiPath": "/wiki/The_Survivalist_Path_-_Zhivchik"
    },
    {
      "name": "The Survivalist Path - Wounded Beast",
      "wikiPath": "/wiki/The_Survivalist_Path_-_Wounded_Beast"
    },
    {
      "name": "The Survivalist Path - Tough Guy",
      "wikiPath": "/wiki/The_Survivalist_Path_-_Tough_Guy"
    },
    {
      "name": "Courtesy Visit",
      "wikiPath": "/wiki/Courtesy_Visit"
    },
    {
      "name": "Nostalgia",
      "wikiPath": "/wiki/Nostalgia"
    },
    {
      "name": "The Survivalist Path - Cold Blooded",
      "wikiPath": "/wiki/The_Survivalist_Path_-_Cold_Blooded"
    },
    {
      "name": "The Survivalist Path - Junkie",
      "wikiPath": "/wiki/The_Survivalist_Path_-_Junkie"
    },
    {
      "name": "The Survivalist Path - Eagle-Owl",
      "wikiPath": "/wiki/The_Survivalist_Path_-_Eagle-Owl"
    },
    {
      "name": "The Survivalist Path - Combat Medic",
      "wikiPath": "/wiki/The_Survivalist_Path_-_Combat_Medic"
    },
    {
      "name": "Ambulance",
      "wikiPath": "/wiki/Ambulance"
    },
    {
      "name": "The Huntsman Path - Secured Perimeter",
      "wikiPath": "/wiki/The_Huntsman_Path_-_Secured_Perimeter"
    },
    {
      "name": "The Huntsman Path - Crooked Cop",
      "wikiPath": "/wiki/The_Huntsman_Path_-_Crooked_Cop"
    },
    {
      "name": "Reserve",
      "wikiPath": "/wiki/Reserve"
    },
    {
      "name": "The Huntsman Path - Forest Cleaning",
      "wikiPath": "/wiki/The_Huntsman_Path_-_Forest_Cleaning"
    },
    {
      "name": "The Huntsman Path - Controller",
      "wikiPath": "/wiki/The_Huntsman_Path_-_Controller"
    },
    {
      "name": "The Huntsman Path - Evil Watchman",
      "wikiPath": "/wiki/The_Huntsman_Path_-_Evil_Watchman"
    },
    {
      "name": "Fishing Place",
      "wikiPath": "/wiki/Fishing_Place"
    },
    {
      "name": "The Huntsman Path - Trophy",
      "wikiPath": "/wiki/The_Huntsman_Path_-_Trophy"
    },
    {
      "name": "The Huntsman Path - Justice",
      "wikiPath": "/wiki/The_Huntsman_Path_-_Justice"
    },
    {
      "name": "The Huntsman Path - Sellout",
      "wikiPath": "/wiki/The_Huntsman_Path_-_Sellout"
    },
    {
      "name": "The Huntsman Path - Woods Keeper",
      "wikiPath": "/wiki/The_Huntsman_Path_-_Woods_Keeper"
    },
    {
      "name": "Hunting Trip",
      "wikiPath": "/wiki/Hunting_Trip"
    },
    {
      "name": "The Huntsman Path - Factory Chief",
      "wikiPath": "/wiki/The_Huntsman_Path_-_Factory_Chief"
    },
    {
      "name": "The Huntsman Path - Eraser - Part 1",
      "wikiPath": "/wiki/The_Huntsman_Path_-_Eraser_-_Part_1"
    },
    {
      "name": "The Huntsman Path - Eraser - Part 2",
      "wikiPath": "/wiki/The_Huntsman_Path_-_Eraser_-_Part_2"
    },
    {
      "name": "The Tarkov Shooter - Part 1",
      "wikiPath": "/wiki/The_Tarkov_Shooter_-_Part_1"
    },
    {
      "name": "The Tarkov Shooter - Part 2",
      "wikiPath": "/wiki/The_Tarkov_Shooter_-_Part_2"
    },
    {
      "name": "The Tarkov Shooter - Part 3",
      "wikiPath": "/wiki/The_Tarkov_Shooter_-_Part_3"
    },
    {
      "name": "The Tarkov Shooter - Part 4",
      "wikiPath": "/wiki/The_Tarkov_Shooter_-_Part_4"
    },
    {
      "name": "The Tarkov Shooter - Part 5",
      "wikiPath": "/wiki/The_Tarkov_Shooter_-_Part_5"
    },
    {
      "name": "The Tarkov Shooter - Part 6",
      "wikiPath": "/wiki/The_Tarkov_Shooter_-_Part_6"
    },
    {
      "name": "The Tarkov Shooter - Part 7",
      "wikiPath": "/wiki/The_Tarkov_Shooter_-_Part_7"
    },
    {
      "name": "The Tarkov Shooter - Part 8",
      "wikiPath": "/wiki/The_Tarkov_Shooter_-_Part_8"
    },
    {
      "name": "Shady Business",
      "wikiPath": "/wiki/Shady_Business"
    },
    {
      "name": "The Huntsman Path - Sadist",
      "wikiPath": "/wiki/The_Huntsman_Path_-_Sadist"
    },
    {
      "name": "Hunter",
      "wikiPath": "/wiki/Hunter"
    },
    {
      "name": "Pest Control",
      "wikiPath": "/wiki/Pest_Control"
    },
    {
      "name": "Swift One",
      "wikiPath": "/wiki/Swift_One"
    },
    {
      "name": "The Huntsman Path - Relentless",
      "wikiPath": "/wiki/The_Huntsman_Path_-_Relentless"
    },
    {
      "name": "The Hermit",
      "wikiPath": "/wiki/The_Hermit"
    },
    {
      "name": "The Huntsman Path - Outcasts",
      "wikiPath": "/wiki/The_Huntsman_Path_-_Outcasts"
    },
    {
      "name": "Stray Dogs",
      "wikiPath": "/wiki/Stray_Dogs"
    },
    {
      "name": "The Delicious Sausage",
      "wikiPath": "/wiki/The_Delicious_Sausage"
    },
    {
      "name": "Cease Fire!",
      "wikiPath": "/wiki/Cease_Fire%21"
    },
    {
      "name": "Slaughterhouse",
      "wikiPath": "/wiki/Slaughterhouse"
    },
    {
      "name": "Broadcast - Part 3",
      "wikiPath": "/wiki/Broadcast_-_Part_3"
    },
    {
      "name": "Broadcast - Part 4",
      "wikiPath": "/wiki/Broadcast_-_Part_4"
    },
    {
      "name": "The Huntsman Path - Administrator",
      "wikiPath": "/wiki/The_Huntsman_Path_-_Administrator"
    },
    {
      "name": "The Huntsman Path - Big Game",
      "wikiPath": "/wiki/The_Huntsman_Path_-_Big_Game"
    },
    {
      "name": "Broadcast - Part 5",
      "wikiPath": "/wiki/Broadcast_-_Part_5"
    },
    {
      "name": "Every Hunter Knows This",
      "wikiPath": "/wiki/Every_Hunter_Knows_This"
    },
    {
      "name": "Rough Tarkov",
      "wikiPath": "/wiki/Rough_Tarkov"
    },
    {
      "name": "Dragnet",
      "wikiPath": "/wiki/Dragnet"
    },
    {
      "name": "Claustrophobia",
      "wikiPath": "/wiki/Claustrophobia"
    },
    {
      "name": "Thirsty - Hounds",
      "wikiPath": "/wiki/Thirsty_-_Hounds"
    },
    {
      "name": "Forester's Duty",
      "wikiPath": "/wiki/Forester%27s_Duty"
    },
    {
      "name": "Work Smarter",
      "wikiPath": "/wiki/Work_Smarter"
    },
    {
      "name": "Rite of Passage",
      "wikiPath": "/wiki/Rite_of_Passage"
    }
  ],
  "Ref": [
    {
      "name": "Easy Money - Part 2",
      "wikiPath": "/wiki/Easy_Money_-_Part_2"
    },
    {
      "name": "Provide Viewership",
      "wikiPath": "/wiki/Provide_Viewership"
    },
    {
      "name": "Balancing - Part 1",
      "wikiPath": "/wiki/Balancing_-_Part_1"
    },
    {
      "name": "Balancing - Part 2",
      "wikiPath": "/wiki/Balancing_-_Part_2"
    },
    {
      "name": "Surprise",
      "wikiPath": "/wiki/Surprise"
    },
    {
      "name": "Create a Distraction - Part 1",
      "wikiPath": "/wiki/Create_a_Distraction_-_Part_1"
    },
    {
      "name": "Create a Distraction - Part 2",
      "wikiPath": "/wiki/Create_a_Distraction_-_Part_2"
    },
    {
      "name": "To Great Heights! - Part 1",
      "wikiPath": "/wiki/To_Great_Heights%21_-_Part_1"
    },
    {
      "name": "To Great Heights! - Part 2",
      "wikiPath": "/wiki/To_Great_Heights%21_-_Part_2"
    },
    {
      "name": "To Great Heights! - Part 3",
      "wikiPath": "/wiki/To_Great_Heights%21_-_Part_3"
    },
    {
      "name": "To Great Heights! - Part 4",
      "wikiPath": "/wiki/To_Great_Heights%21_-_Part_4"
    },
    {
      "name": "To Great Heights! - Part 5",
      "wikiPath": "/wiki/To_Great_Heights%21_-_Part_5"
    },
    {
      "name": "Against the Conscience - Part 1",
      "wikiPath": "/wiki/Against_the_Conscience_-_Part_1"
    },
    {
      "name": "Against the Conscience - Part 2",
      "wikiPath": "/wiki/Against_the_Conscience_-_Part_2"
    },
    {
      "name": "Decisions, Decisions",
      "wikiPath": "/wiki/Decisions%2C_Decisions"
    },
    {
      "name": "Postponed Reward",
      "wikiPath": "/wiki/Postponed_Reward"
    }
  ],
  "Lightkeeper": [
    {
      "name": "Information Source",
      "wikiPath": "/wiki/Information_Source"
    },
    {
      "name": "Missing Informant",
      "wikiPath": "/wiki/Missing_Informant"
    },
    {
      "name": "Snatch",
      "wikiPath": "/wiki/Snatch"
    },
    {
      "name": "Return the Favor",
      "wikiPath": "/wiki/Return_the_Favor"
    },
    {
      "name": "Payback",
      "wikiPath": "/wiki/Payback"
    },
    {
      "name": "Provocation",
      "wikiPath": "/wiki/Provocation"
    },
    {
      "name": "Following the Bread Crumbs",
      "wikiPath": "/wiki/Following_the_Bread_Crumbs"
    },
    {
      "name": "Spotter",
      "wikiPath": "/wiki/Spotter"
    },
    {
      "name": "Make an Impression",
      "wikiPath": "/wiki/Make_an_Impression"
    },
    {
      "name": "Trouble in the Big City",
      "wikiPath": "/wiki/Trouble_in_the_Big_City"
    },
    {
      "name": "Simple Side Job",
      "wikiPath": "/wiki/Simple_Side_Job"
    },
    {
      "name": "Order From Outside",
      "wikiPath": "/wiki/Order_From_Outside"
    },
    {
      "name": "Keeper's Word",
      "wikiPath": "/wiki/Keeper%27s_Word"
    },
    {
      "name": "Surprise Gift",
      "wikiPath": "/wiki/Surprise_Gift"
    }
  ],
  "BTR Driver": [
    {
      "name": "Shipping Delay - Part 2",
      "wikiPath": "/wiki/Shipping_Delay_-_Part_2"
    },
    {
      "name": "Hot Wheels",
      "wikiPath": "/wiki/Hot_Wheels"
    },
    {
      "name": "Hot Wheels - Let's Try Again",
      "wikiPath": "/wiki/Hot_Wheels_-_Let%27s_Try_Again"
    },
    {
      "name": "Swift Retribution",
      "wikiPath": "/wiki/Swift_Retribution"
    },
    {
      "name": "Inevitable Response",
      "wikiPath": "/wiki/Inevitable_Response"
    },
    {
      "name": "Building Foundations",
      "wikiPath": "/wiki/Building_Foundations"
    },
    {
      "name": "Natural Exchange",
      "wikiPath": "/wiki/Natural_Exchange"
    },
    {
      "name": "Ask for Directions",
      "wikiPath": "/wiki/Ask_for_Directions"
    },
    {
      "name": "Battery Change",
      "wikiPath": "/wiki/Battery_Change"
    },
    {
      "name": "Protect the Sky",
      "wikiPath": "/wiki/Protect_the_Sky"
    },
    {
      "name": "Discombobulate",
      "wikiPath": "/wiki/Discombobulate"
    },
    {
      "name": "The Price of Independence",
      "wikiPath": "/wiki/The_Price_of_Independence"
    },
    {
      "name": "Sensory Analysis - Part 2",
      "wikiPath": "/wiki/Sensory_Analysis_-_Part_2"
    }
  ]
}